,0
0,A1bg
1,A1cf
2,A2ml1
3,Aaas
4,Aacs
5,Aadac
6,Aadat
7,Aaed1
8,Aagab
9,Aak1
10,Aamdc
11,Aamp
12,Aar2
13,Aars
14,Aars2
15,Aasdhppt
16,Aass
17,Aatf
18,Abat
19,Abca1
20,Abca2
21,Abca3
22,Abca6
23,Abca8a
24,Abca8b
25,Abcb10
26,Abcb11
27,Abcb1a
28,Abcb1b
29,Abcb4
30,Abcb6
31,Abcb7
32,Abcb8
33,Abcc2
34,Abcc3
35,Abcc6
36,Abcd1
37,Abcd2
38,Abcd3
39,Abcd4
40,Abce1
41,Abcf1
42,Abcf2
43,Abcf3
44,Abcg2
45,Abcg5
46,Abcg8
47,Abhd11
48,Abhd12
49,Abhd13
50,Abhd14a
51,Abhd14b
52,Abhd15
53,Abhd16a
54,Abhd17a
55,Abhd17b
56,Abhd17c
57,Abhd18
58,Abhd2
59,Abhd3
60,Abhd4
61,Abhd5
62,Abhd6
63,Abi1
64,Abl1
65,Abl2
66,Ablim1
67,Ablim3
68,Abracl
69,Abraxas2
70,Abt1
71,Abtb1
72,Abtb2
73,Acaa1a
74,Acaa1b
75,Acaa2
76,Acaca
77,Acacb
78,Acad10
79,Acad11
80,Acad12
81,Acad8
82,Acad9
83,Acadl
84,Acadm
85,Acads
86,Acadsb
87,Acadvl
88,Acap2
89,Acat1
90,Acat2
91,Acat3
92,Acbd3
93,Acbd4
94,Acbd5
95,Acbd6
96,Acd
97,Acer3
98,Acin1
99,Acly
100,Acmsd
101,Acnat1
102,Acnat2
103,Aco1
104,Aco2
105,Acot1
106,Acot12
107,Acot13
108,Acot2
109,Acot4
110,Acot7
111,Acot8
112,Acox1
113,Acox2
114,Acox3
115,Acp1
116,Acp2
117,Acp5
118,Acp6
119,Acpp
120,Acsf2
121,Acsl1
122,Acsl3
123,Acsl4
124,Acsl5
125,Acsm1
126,Acsm3
127,Acsm5
128,Acss2
129,Acss3
130,Actb
131,Actg1
132,Actl6a
133,Actn1
134,Actn4
135,Actr10
136,Actr1a
137,Actr1b
138,Actr2
139,Actr3
140,Actr6
141,Actr8
142,Acvr1
143,Acvr2a
144,Acy1
145,Acy3
146,Acyp1
147,Acyp2
148,Adal
149,Adam10
150,Adam17
151,Adam1a
152,Adam9
153,Adamts1
154,Adap2
155,Adar
156,Adck1
157,Adck2
158,Adck5
159,Adcy6
160,Adcy9
161,Add1
162,Add2
163,Add3
164,Adgra3
165,Adgrl2
166,Adh1
167,Adh4
168,Adh5
169,Adh7
170,Adhfe1
171,Adi1
172,Adipor1
173,Adipor2
174,Adk
175,Ado
176,Adora1
177,Adpgk
178,Adprh
179,Adprhl2
180,Adprm
181,Adra1b
182,Adrm1
183,Adsl
184,Adss
185,Adssl1
186,Adtrp
187,Aebp2
188,Aes
189,Afdn
190,Aff1
191,Aff4
192,Afg1l
193,Afg3l2
194,Afm
195,Aftph
196,Aga
197,Agap1
198,Agap3
199,Agbl3
200,Agfg1
201,Agfg2
202,Aggf1
203,Agl
204,Agmat
205,Agmo
206,Ago1
207,Ago2
208,Agpat2
209,Agpat3
210,Agpat5
211,Agps
212,Agrn
213,Agrp
214,Agt
215,Agtpbp1
216,Agtr1a
217,Agxt
218,Agxt2
219,Ahctf1
220,Ahcy
221,Ahcyl1
222,Ahcyl2
223,Ahdc1
224,Ahnak
225,Ahr
226,Ahsa1
227,Ahsa2
228,Ahsg
229,Aida
230,Aifm1
231,Aifm2
232,Aig1
233,Aimp1
234,Aimp2
235,Aip
236,Ajuba
237,Ak2
238,Ak3
239,Ak4
240,Ak6
241,Akap1
242,Akap10
243,Akap11
244,Akap13
245,Akap17b
246,Akap7
247,Akap8
248,Akap8l
249,Akap9
250,Akip1
251,Akirin1
252,Akirin2
253,Akr1a1
254,Akr1b7
255,Akr1c12
256,Akr1c13
257,Akr1c14
258,Akr1c19
259,Akr1c20
260,Akr1c6
261,Akr1d1
262,Akr1e1
263,Akr7a5
264,Akt1
265,Akt1s1
266,Akt2
267,Aktip
268,Alad
269,Alas1
270,Alas2
271,Alb
272,Alcam
273,Aldh16a1
274,Aldh1a1
275,Aldh1a7
276,Aldh1b1
277,Aldh1l1
278,Aldh2
279,Aldh3a2
280,Aldh5a1
281,Aldh6a1
282,Aldh7a1
283,Aldh8a1
284,Aldh9a1
285,Aldoa
286,Aldob
287,Aldoc
288,Alg1
289,Alg10b
290,Alg11
291,Alg13
292,Alg14
293,Alg2
294,Alg3
295,Alg5
296,Alg8
297,Alg9
298,Alkbh2
299,Alkbh5
300,Alkbh6
301,Alkbh7
302,Alkbh8
303,Alpk1
304,Alpl
305,Als2cl
306,Alyref
307,Amacr
308,Ambp
309,Ambra1
310,Amd1
311,Amd2
312,Amdhd1
313,Amdhd2
314,Amfr
315,Amigo2
316,Ammecr1l
317,Amn1
318,Amot
319,Amotl2
320,Ampd2
321,Amt
322,Amy1
323,Amz2
324,Anapc1
325,Anapc11
326,Anapc13
327,Anapc15
328,Anapc16
329,Anapc2
330,Anapc4
331,Anapc5
332,Anapc7
333,Angel2
334,Angptl3
335,Angptl4
336,Angptl8
337,Ank
338,Ank3
339,Ankfy1
340,Ankhd1
341,Ankib1
342,Ankle2
343,Ankmy2
344,Ankra2
345,Ankrd11
346,Ankrd12
347,Ankrd13a
348,Ankrd13c
349,Ankrd17
350,Ankrd27
351,Ankrd28
352,Ankrd33b
353,Ankrd36
354,Ankrd40
355,Ankrd46
356,Ankrd49
357,Anks4b
358,Ankzf1
359,Anp32a
360,Anp32b
361,Anp32e
362,Anpep
363,Antxr2
364,Anxa11
365,Anxa2
366,Anxa4
367,Anxa5
368,Anxa6
369,Anxa7
370,Aox1
371,Aox3
372,Ap1ar
373,Ap1b1
374,Ap1g1
375,Ap1m1
376,Ap1s1
377,Ap2a1
378,Ap2a2
379,Ap2b1
380,Ap2m1
381,Ap2s1
382,Ap3b1
383,Ap3d1
384,Ap3m1
385,Ap3s1
386,Ap3s2
387,Ap4b1
388,Ap4s1
389,Ap5m1
390,Ap5s1
391,Apba3
392,Apbb2
393,Apbb3
394,Apc
395,Apcs
396,Apeh
397,Apex1
398,Aph1a
399,Api5
400,Apip
401,Aplp2
402,Apmap
403,Apoa1
404,Apoa2
405,Apoa4
406,Apoa5
407,Apob
408,Apobec1
409,Apoc1
410,Apoc2
411,Apoc3
412,Apoe
413,Apof
414,Apoh
415,Apol7a
416,Apol9a
417,Apol9b
418,Apom
419,Apon
420,Apoo
421,Apool
422,Apopt1
423,App
424,Appbp2
425,Appl1
426,Appl2
427,Aprt
428,Aptx
429,Aqp11
430,Aqp8
431,Aqp9
432,Aqr
433,Ar
434,Araf
435,Arap1
436,Arap2
437,Arcn1
438,Arel1
439,Arf1
440,Arf3
441,Arf4
442,Arf5
443,Arf6
444,Arfgap1
445,Arfgap2
446,Arfgap3
447,Arfgef1
448,Arfgef2
449,Arfip1
450,Arfrp1
451,Arg1
452,Arglu1
453,Arhgap1
454,Arhgap12
455,Arhgap17
456,Arhgap18
457,Arhgap21
458,Arhgap24
459,Arhgap26
460,Arhgap29
461,Arhgap35
462,Arhgap4
463,Arhgap42
464,Arhgap45
465,Arhgap5
466,Arhgap6
467,Arhgdia
468,Arhgef1
469,Arhgef10l
470,Arhgef11
471,Arhgef12
472,Arhgef18
473,Arhgef19
474,Arhgef26
475,Arhgef3
476,Arhgef37
477,Arhgef5
478,Arhgef7
479,Arid1a
480,Arid1b
481,Arid2
482,Arid4a
483,Arid4b
484,Arid5a
485,Arid5b
486,Arih1
487,Arih2
488,Arl1
489,Arl13b
490,Arl14ep
491,Arl3
492,Arl4a
493,Arl4d
494,Arl5a
495,Arl5b
496,Arl6ip1
497,Arl6ip4
498,Arl6ip5
499,Arl6ip6
500,Arl8a
501,Arl8b
502,Armc1
503,Armc10
504,Armc5
505,Armc8
506,Armc9
507,Armh3
508,Armt1
509,Arnt
510,Arntl
511,Arpc1a
512,Arpc1b
513,Arpc2
514,Arpc3
515,Arpc4
516,Arpc5
517,Arpc5l
518,Arpp19
519,Arrdc3
520,Arrdc4
521,Arsa
522,Arsb
523,Arsg
524,Arsk
525,As3mt
526,Asah1
527,Asah2
528,Asap1
529,Asap2
530,Asb13
531,Asb3
532,Asb7
533,Asb8
534,Ascc1
535,Ascc2
536,Ascc3
537,Asf1a
538,Asgr1
539,Asgr2
540,Ash1l
541,Ash2l
542,Asl
543,Asna1
544,Aspa
545,Aspdh
546,Aspg
547,Asph
548,Aspscr1
549,Asrgl1
550,Ass1
551,Asxl1
552,Asxl2
553,Atad1
554,Atad2b
555,Atad3a
556,Atat1
557,Atf1
558,Atf2
559,Atf3
560,Atf4
561,Atf5
562,Atf6
563,Atf6b
564,Atf7ip
565,Atg10
566,Atg101
567,Atg12
568,Atg13
569,Atg14
570,Atg16l1
571,Atg16l2
572,Atg2a
573,Atg2b
574,Atg3
575,Atg4a
576,Atg4b
577,Atg4c
578,Atg4d
579,Atg5
580,Atg7
581,Atic
582,Atl2
583,Atl3
584,Atmin
585,Atoh8
586,Atox1
587,Atp11b
588,Atp11c
589,Atp13a1
590,Atp13a2
591,Atp13a3
592,Atp1a1
593,Atp1b1
594,Atp1b3
595,Atp2a2
596,Atp2b1
597,Atp2b2
598,Atp2c1
599,Atp5a1
600,Atp5b
601,Atp5c1
602,Atp5d
603,Atp5e
604,Atp5f1
605,Atp5g1
606,Atp5g2
607,Atp5g3
608,Atp5h
609,Atp5j
610,Atp5j2
611,Atp5k
612,Atp5l
613,Atp5mpl
614,Atp5o
615,Atp5s
616,Atp6ap1
617,Atp6ap2
618,Atp6v0a1
619,Atp6v0a2
620,Atp6v0b
621,Atp6v0c
622,Atp6v0d1
623,Atp6v0d2
624,Atp6v0e
625,Atp6v1a
626,Atp6v1b2
627,Atp6v1c1
628,Atp6v1d
629,Atp6v1e1
630,Atp6v1f
631,Atp6v1g1
632,Atp6v1h
633,Atp7b
634,Atp8a2
635,Atp8b1
636,Atp9a
637,Atp9b
638,Atpaf2
639,Atpif1
640,Atraid
641,Atrip
642,Atrn
643,Atrnl1
644,Atrx
645,Atxn1
646,Atxn10
647,Atxn1l
648,Atxn2
649,Atxn2l
650,Atxn3
651,Atxn7
652,Atxn7l1
653,Atxn7l3
654,Atxn7l3b
655,Auh
656,Aup1
657,Aurkaip1
658,Aven
659,Avl9
660,Avpi1
661,Avpr1a
662,Axin1
663,Axin2
664,Azgp1
665,Azi2
666,Azin1
667,B2m
668,B3galnt2
669,B3galt1
670,B3gat3
671,B3gnt2
672,B4galnt1
673,B4galt1
674,B4galt5
675,B4gat1
676,Baat
677,Babam1
678,Babam2
679,Bace1
680,Bach1
681,Bad
682,Bag1
683,Bag3
684,Bag4
685,Bag5
686,Bag6
687,Bahd1
688,Baiap2
689,Baiap2l1
690,Banf1
691,Bap1
692,Bax
693,Baz1a
694,Baz1b
695,Baz2a
696,Baz2b
697,Bbc3
698,Bbip1
699,Bbof1
700,Bbox1
701,Bbs5
702,Bbx
703,Bcap29
704,Bcap31
705,Bcar1
706,Bcar3
707,Bcas2
708,Bcas3
709,Bccip
710,Bche
711,Bckdha
712,Bckdhb
713,Bckdk
714,Bcl10
715,Bcl2l1
716,Bcl2l11
717,Bcl2l13
718,Bcl2l2
719,Bcl3
720,Bcl6
721,Bcl7a
722,Bcl7b
723,Bcl7c
724,Bcl9l
725,Bclaf1
726,Bco1
727,Bco2
728,Bcor
729,Bcorl1
730,Bcr
731,Bcs1l
732,Bdh1
733,Bdh2
734,Bdp1
735,Becn1
736,Bend7
737,Bet1
738,Bfar
739,Bhlhe40
740,Bhmt
741,Bhmt2
742,Bicd2
743,Bicral
744,Bid
745,Bin1
746,Bin3
747,Birc2
748,Birc3
749,Birc6
750,Bivm
751,Blcap
752,Blmh
753,Bloc1s1
754,Bloc1s2
755,Bloc1s4
756,Bloc1s5
757,Bloc1s6
758,Blvra
759,Blvrb
760,Blzf1
761,Bmf
762,Bmi1
763,Bmp1
764,Bmp2k
765,Bmpr1a
766,Bmpr2
767,Bms1
768,Bmt2
769,Bnip1
770,Bnip2
771,Bnip3
772,Bnip3l
773,Bod1
774,Bod1l
775,Bok
776,Bola1
777,Bola2
778,Bola3
779,Bop1
780,Borcs5
781,Borcs6
782,Borcs7
783,Borcs8
784,Bpgm
785,Bphl
786,Bpnt1
787,Bptf
788,Braf
789,Brap
790,Brat1
791,Brcc3
792,Brd1
793,Brd2
794,Brd3
795,Brd4
796,Brd7
797,Brd8
798,Brd9
799,Brf1
800,Brf2
801,Bri3
802,Bri3bp
803,Brix1
804,Brk1
805,Brox
806,Brpf1
807,Brpf3
808,Brwd1
809,Brwd3
810,Bscl2
811,Bsdc1
812,Bsg
813,Bst2
814,Btaf1
815,Btbd1
816,Btbd2
817,Btbd6
818,Btbd7
819,Btbd9
820,Btc
821,Btd
822,Btf3
823,Btf3l4
824,Btg1
825,Btg2
826,Btrc
827,Bub3
828,Bud23
829,Bud31
830,Bysl
831,Bzw1
832,Bzw2
833,C1d
834,C1galt1
835,C1galt1c1
836,C1qb
837,C1qbp
838,C1qc
839,C1ra
840,C1rb
841,C1rl
842,C1s1
843,C1s2
844,C2cd2
845,C2cd2l
846,C2cd3
847,C3
848,C4b
849,C4bp
850,C6
851,C77080
852,C87436
853,C8a
854,C8b
855,C8g
856,C9
857,C9orf72
858,Cab39
859,Cab39l
860,Cabin1
861,Cables2
862,Cacfd1
863,Cactin
864,Cacul1
865,Cacybp
866,Cad
867,Cadm1
868,Cadps2
869,Calcoco1
870,Cald1
871,Calhm6
872,Calm1
873,Calm2
874,Calm3
875,Calr
876,Calu
877,Camk1
878,Camk1d
879,Camk2g
880,Camk2n1
881,Camkk2
882,Caml
883,Camsap1
884,Camsap2
885,Camsap3
886,Camta1
887,Camta2
888,Cand1
889,Cant1
890,Canx
891,Cap1
892,Capn1
893,Capn10
894,Capn15
895,Capn2
896,Capn7
897,Capns1
898,Caprin1
899,Capza1
900,Capza2
901,Capzb
902,Car1
903,Car14
904,Car2
905,Car3
906,Car5a
907,Car8
908,Card10
909,Card19
910,Card6
911,Carf
912,Carhsp1
913,Carm1
914,Carnmt1
915,Cars
916,Cars2
917,Casc3
918,Casd1
919,Cask
920,Caskin2
921,Casp3
922,Casp6
923,Casp7
924,Casp8
925,Casp8ap2
926,Casp9
927,Cast
928,Cat
929,Cavin2
930,Cbfa2t2
931,Cbfb
932,Cblb
933,Cblc
934,Cbll1
935,Cbr1
936,Cbr4
937,Cbs
938,Cbx1
939,Cbx2
940,Cbx3
941,Cbx4
942,Cbx5
943,Cc2d1a
944,Cc2d1b
945,Ccar1
946,Ccdc107
947,Ccdc114
948,Ccdc115
949,Ccdc117
950,Ccdc12
951,Ccdc122
952,Ccdc124
953,Ccdc127
954,Ccdc141
955,Ccdc152
956,Ccdc157
957,Ccdc162
958,Ccdc166
959,Ccdc167
960,Ccdc171
961,Ccdc174
962,Ccdc186
963,Ccdc25
964,Ccdc28a
965,Ccdc32
966,Ccdc34
967,Ccdc43
968,Ccdc47
969,Ccdc50
970,Ccdc51
971,Ccdc58
972,Ccdc59
973,Ccdc6
974,Ccdc66
975,Ccdc71
976,Ccdc84
977,Ccdc85b
978,Ccdc85c
979,Ccdc86
980,Ccdc9
981,Ccdc90b
982,Ccdc91
983,Ccdc97
984,Ccl2
985,Ccl27a
986,Ccl5
987,Ccl9
988,Ccm2
989,Ccn1
990,Ccnb1ip1
991,Ccnc
992,Ccnd1
993,Ccnd3
994,Ccndbp1
995,Ccnf
996,Ccng1
997,Ccng2
998,Ccnh
999,Ccni
1000,Ccnk
1001,Ccnl1
1002,Ccnl2
1003,Ccnq
1004,Ccnt1
1005,Ccnt2
1006,Ccny
1007,Ccpg1os
1008,Ccrl2
1009,Ccs
1010,Ccser2
1011,Cct2
1012,Cct3
1013,Cct4
1014,Cct5
1015,Cct7
1016,Cct8
1017,Ccz1
1018,Cd14
1019,Cd151
1020,Cd164
1021,Cd1d1
1022,Cd274
1023,Cd2ap
1024,Cd2bp2
1025,Cd302
1026,Cd36
1027,Cd3eap
1028,Cd47
1029,Cd59a
1030,Cd59b
1031,Cd5l
1032,Cd63
1033,Cd74
1034,Cd81
1035,Cd82
1036,Cd9
1037,Cd99l2
1038,Cda
1039,Cdadc1
1040,Cdc123
1041,Cdc14b
1042,Cdc16
1043,Cdc23
1044,Cdc26
1045,Cdc27
1046,Cdc34
1047,Cdc34b
1048,Cdc37
1049,Cdc37l1
1050,Cdc40
1051,Cdc42
1052,Cdc42bpa
1053,Cdc42bpb
1054,Cdc42ep1
1055,Cdc42ep4
1056,Cdc42se1
1057,Cdc42se2
1058,Cdc5l
1059,Cdc73
1060,Cdca4
1061,Cdcp1
1062,Cdh1
1063,Cdh2
1064,Cdhr5
1065,Cdip1
1066,Cdipt
1067,Cdk11b
1068,Cdk12
1069,Cdk13
1070,Cdk16
1071,Cdk17
1072,Cdk18
1073,Cdk2ap1
1074,Cdk2ap2
1075,Cdk4
1076,Cdk5
1077,Cdk5rap1
1078,Cdk5rap3
1079,Cdk6
1080,Cdk7
1081,Cdk8
1082,Cdk9
1083,Cdkal1
1084,Cdkl2
1085,Cdkn1a
1086,Cdkn1b
1087,Cdkn2aip
1088,Cdkn2aipnl
1089,Cdkn2c
1090,Cdo1
1091,Cdpf1
1092,Cds2
1093,Cdv3
1094,Cdyl
1095,Ceacam1
1096,Ceacam2
1097,Cebpa
1098,Cebpb
1099,Cebpd
1100,Cebpe
1101,Cebpg
1102,Cebpz
1103,Cebpzos
1104,Cecr2
1105,Cela1
1106,Celf1
1107,Celf2
1108,Celsr1
1109,Cenpl
1110,Cenpm
1111,Cenpv
1112,Cenpx
1113,Cep120
1114,Cep164
1115,Cep170
1116,Cep170b
1117,Cep19
1118,Cep290
1119,Cep350
1120,Cep44
1121,Cep57
1122,Cep63
1123,Cep68
1124,Cep83
1125,Cep85
1126,Cep85l
1127,Cept1
1128,Cers2
1129,Cers6
1130,Ces1b
1131,Ces1c
1132,Ces1d
1133,Ces1e
1134,Ces1f
1135,Ces1g
1136,Ces2a
1137,Ces2c
1138,Ces2e
1139,Ces2g
1140,Ces3a
1141,Ces3b
1142,Cetn2
1143,Cetn3
1144,Cfap20
1145,Cfap298
1146,Cfap36
1147,Cfap46
1148,Cfap77
1149,Cfap97
1150,Cfb
1151,Cfdp1
1152,Cfh
1153,Cfhr1
1154,Cfhr2
1155,Cfi
1156,Cfl1
1157,Cfl2
1158,Cflar
1159,Cggbp1
1160,Cgn
1161,Cgnl1
1162,Cgrrf1
1163,Chac1
1164,Chac2
1165,Champ1
1166,Chchd1
1167,Chchd10
1168,Chchd3
1169,Chchd4
1170,Chchd5
1171,Chchd7
1172,Chd1
1173,Chd1l
1174,Chd2
1175,Chd3
1176,Chd4
1177,Chd6
1178,Chd7
1179,Chd8
1180,Chd9
1181,Chdh
1182,Cherp
1183,Chfr
1184,Chic1
1185,Chic2
1186,Chid1
1187,Chka
1188,Chm
1189,Chmp1a
1190,Chmp2a
1191,Chmp2b
1192,Chmp3
1193,Chmp4b
1194,Chmp4c
1195,Chmp5
1196,Chmp6
1197,Chmp7
1198,Chn2
1199,Chordc1
1200,Chp1
1201,Chpf2
1202,Chpt1
1203,Chrac1
1204,Chrna4
1205,Chsy3
1206,Chtf8
1207,Chtop
1208,Chuk
1209,Churc1
1210,Ciao1
1211,Ciao2a
1212,Ciao2b
1213,Ciapin1
1214,Cib1
1215,Cib2
1216,Cib3
1217,Cic
1218,Cideb
1219,Cinp
1220,Cipc
1221,Cir1
1222,Cirbp
1223,Cisd1
1224,Cisd2
1225,Cisd3
1226,Cish
1227,Cited2
1228,Ciz1
1229,Ckap5
1230,Cks2
1231,Clasp1
1232,Clcc1
1233,Clcn2
1234,Clcn3
1235,Clcn4
1236,Clcn7
1237,Cldn1
1238,Cldn12
1239,Cldn14
1240,Cldn2
1241,Cldn3
1242,Cldnd1
1243,Clec16a
1244,Clec2d
1245,Clec4f
1246,Clic4
1247,Clint1
1248,Clip1
1249,Clk1
1250,Clk2
1251,Clk3
1252,Clk4
1253,Clmn
1254,Cln3
1255,Cln5
1256,Cln8
1257,Clns1a
1258,Clock
1259,Clp1
1260,Clpb
1261,Clpp
1262,Clptm1
1263,Clptm1l
1264,Clpx
1265,Clta
1266,Cltb
1267,Cltc
1268,Clu
1269,Cluap1
1270,Cluh
1271,Clybl
1272,Cmah
1273,Cmas
1274,Cmbl
1275,Cmc1
1276,Cmc2
1277,Cmip
1278,Cmpk1
1279,Cmpk2
1280,Cmtm4
1281,Cmtm6
1282,Cmtm8
1283,Cnbd2
1284,Cnbp
1285,Cndp2
1286,Cnep1r1
1287,Cnih1
1288,Cnih4
1289,Cnn3
1290,Cnnm3
1291,Cnot1
1292,Cnot10
1293,Cnot11
1294,Cnot2
1295,Cnot3
1296,Cnot4
1297,Cnot6
1298,Cnot6l
1299,Cnot7
1300,Cnot8
1301,Cnot9
1302,Cnp
1303,Cnppd1
1304,Cnpy2
1305,Cnpy3
1306,Cnst
1307,Cntnap2
1308,Cntrl
1309,Coa3
1310,Coa4
1311,Coa5
1312,Coa6
1313,Coa7
1314,Coasy
1315,Cobl
1316,Cobll1
1317,Cog1
1318,Cog2
1319,Cog3
1320,Cog4
1321,Cog5
1322,Cog6
1323,Cog7
1324,Col15a1
1325,Col18a1
1326,Col25a1
1327,Col4a1
1328,Col4a3bp
1329,Colec12
1330,Colgalt1
1331,Commd10
1332,Commd2
1333,Commd3
1334,Commd4
1335,Commd6
1336,Commd7
1337,Commd8
1338,Commd9
1339,Comt
1340,Comtd1
1341,Cop1
1342,Copa
1343,Copb1
1344,Copb2
1345,Cope
1346,Copg1
1347,Copg2
1348,Cops2
1349,Cops3
1350,Cops4
1351,Cops5
1352,Cops6
1353,Cops7a
1354,Cops8
1355,Cops9
1356,Copz1
1357,Copz2
1358,Coq10a
1359,Coq10b
1360,Coq2
1361,Coq3
1362,Coq4
1363,Coq5
1364,Coq6
1365,Coq7
1366,Coq8a
1367,Coq8b
1368,Coq9
1369,Coro1b
1370,Coro1c
1371,Coro7
1372,Cox10
1373,Cox11
1374,Cox14
1375,Cox15
1376,Cox17
1377,Cox18
1378,Cox19
1379,Cox20
1380,Cox5a
1381,Cox5b
1382,Cox6a1
1383,Cox6b1
1384,Cox6c
1385,Cox7a1
1386,Cox7a2
1387,Cox7a2l
1388,Cox7b
1389,Cox7c
1390,Cox8a
1391,Cp
1392,Cpb2
1393,Cpd
1394,Cpeb2
1395,Cpeb3
1396,Cpeb4
1397,Cped1
1398,Cpn1
1399,Cpn2
1400,Cpne1
1401,Cpne3
1402,Cpox
1403,Cpped1
1404,Cpq
1405,Cps1
1406,Cpsf1
1407,Cpsf2
1408,Cpsf3
1409,Cpsf4
1410,Cpsf6
1411,Cpsf7
1412,Cpt1a
1413,Cpt2
1414,Cptp
1415,Cr1l
1416,Cradd
1417,Cramp1l
1418,Crat
1419,Crb3
1420,Crbn
1421,Crcp
1422,Creb1
1423,Creb3
1424,Creb3l2
1425,Creb3l3
1426,Crebbp
1427,Crebl2
1428,Crebrf
1429,Crebzf
1430,Creg1
1431,Creld1
1432,Creld2
1433,Crem
1434,Crim1
1435,Crip2
1436,Cript
1437,Crk
1438,Crkl
1439,Crlf3
1440,Crls1
1441,Crnkl1
1442,Crot
1443,Crp
1444,Crtc2
1445,Crtc3
1446,Cry1
1447,Cry2
1448,Crybg1
1449,Crybg3
1450,Cryl1
1451,Cryz
1452,Cryzl2
1453,Cs
1454,Csad
1455,Csde1
1456,Cse1l
1457,Csf1
1458,Csgalnact2
1459,Csk
1460,Csnk1a1
1461,Csnk1d
1462,Csnk1e
1463,Csnk1g2
1464,Csnk1g3
1465,Csnk2a1
1466,Csnk2a2
1467,Csnk2b
1468,Cspg5
1469,Cspp1
1470,Csrp2
1471,Csrp3
1472,Cst3
1473,Cstb
1474,Cstf1
1475,Cstf2
1476,Cstf2t
1477,Cstf3
1478,Ctbp1
1479,Ctbs
1480,Ctcf
1481,Ctdnep1
1482,Ctdp1
1483,Ctdsp1
1484,Ctdsp2
1485,Ctdspl2
1486,Ctf1
1487,Cth
1488,Ctif
1489,Ctla4
1490,Ctnna1
1491,Ctnnb1
1492,Ctnnbip1
1493,Ctnnbl1
1494,Ctnnd1
1495,Ctns
1496,Ctps2
1497,Ctr9
1498,Ctsa
1499,Ctsb
1500,Ctsc
1501,Ctsf
1502,Ctsh
1503,Ctsl
1504,Ctso
1505,Ctsz
1506,Cttn
1507,Cuedc2
1508,Cul1
1509,Cul2
1510,Cul3
1511,Cul4a
1512,Cul4b
1513,Cul5
1514,Cuta
1515,Cutal
1516,Cutc
1517,Cux1
1518,Cux2
1519,Cwc15
1520,Cwc22
1521,Cwc25
1522,Cwc27
1523,Cwf19l1
1524,Cwf19l2
1525,Cx3cr1
1526,Cxadr
1527,Cxcl1
1528,Cxcl10
1529,Cxcl12
1530,Cxcl2
1531,Cxcl9
1532,Cxxc1
1533,Cxxc5
1534,Cyb561
1535,Cyb561a3
1536,Cyb561d2
1537,Cyb5a
1538,Cyb5b
1539,Cyb5d2
1540,Cyb5r3
1541,Cyb5r4
1542,Cyb5rl
1543,Cyc1
1544,Cycs
1545,Cyfip1
1546,Cyhr1
1547,Cyld
1548,Cyp17a1
1549,Cyp1a2
1550,Cyp20a1
1551,Cyp26a1
1552,Cyp27a1
1553,Cyp2a12
1554,Cyp2a22
1555,Cyp2a4
1556,Cyp2a5
1557,Cyp2b10
1558,Cyp2b13
1559,Cyp2b9
1560,Cyp2c23
1561,Cyp2c29
1562,Cyp2c37
1563,Cyp2c38
1564,Cyp2c39
1565,Cyp2c40
1566,Cyp2c50
1567,Cyp2c54
1568,Cyp2c55
1569,Cyp2c67
1570,Cyp2c68
1571,Cyp2c69
1572,Cyp2c70
1573,Cyp2d10
1574,Cyp2d11
1575,Cyp2d12
1576,Cyp2d22
1577,Cyp2d26
1578,Cyp2d34
1579,Cyp2d40
1580,Cyp2d9
1581,Cyp2e1
1582,Cyp2f2
1583,Cyp2g1
1584,Cyp2j5
1585,Cyp2j6
1586,Cyp2r1
1587,Cyp2u1
1588,Cyp39a1
1589,Cyp3a11
1590,Cyp3a13
1591,Cyp3a16
1592,Cyp3a25
1593,Cyp3a41a
1594,Cyp3a41b
1595,Cyp3a44
1596,Cyp3a59
1597,Cyp4a10
1598,Cyp4a12a
1599,Cyp4a12b
1600,Cyp4a14
1601,Cyp4a31
1602,Cyp4f13
1603,Cyp4f14
1604,Cyp4f15
1605,Cyp4f17
1606,Cyp4v3
1607,Cyp51
1608,Cyp7a1
1609,Cyp7b1
1610,Cyp8b1
1611,Cystm1
1612,Cyth1
1613,Cyth2
1614,D2hgdh
1615,Daam1
1616,Dab2ip
1617,Dad1
1618,Dag1
1619,Daglb
1620,Dalrd3
1621,Dap
1622,Dap3
1623,Dapk1
1624,Dapk2
1625,Dapk3
1626,Dars
1627,Dars2
1628,Daxx
1629,Dazap1
1630,Dazap2
1631,Dbi
1632,Dbnl
1633,Dbp
1634,Dbr1
1635,Dbt
1636,Dcaf1
1637,Dcaf10
1638,Dcaf11
1639,Dcaf12
1640,Dcaf13
1641,Dcaf17
1642,Dcaf5
1643,Dcaf6
1644,Dcaf7
1645,Dcaf8
1646,Dcakd
1647,Dclk3
1648,Dclre1a
1649,Dcn
1650,Dcp2
1651,Dcps
1652,Dct
1653,Dctn1
1654,Dctn2
1655,Dctn3
1656,Dctn4
1657,Dctn5
1658,Dctn6
1659,Dctpp1
1660,Dcun1d1
1661,Dcun1d2
1662,Dcun1d3
1663,Dcun1d4
1664,Dcun1d5
1665,Dcxr
1666,Dda1
1667,Ddah1
1668,Ddb1
1669,Ddc
1670,Ddhd1
1671,Ddhd2
1672,Ddi2
1673,Ddit3
1674,Ddit4l
1675,Ddo
1676,Ddost
1677,Ddrgk1
1678,Ddt
1679,Ddx1
1680,Ddx10
1681,Ddx17
1682,Ddx18
1683,Ddx19a
1684,Ddx19b
1685,Ddx20
1686,Ddx21
1687,Ddx23
1688,Ddx24
1689,Ddx27
1690,Ddx28
1691,Ddx39
1692,Ddx39b
1693,Ddx3x
1694,Ddx41
1695,Ddx42
1696,Ddx46
1697,Ddx47
1698,Ddx49
1699,Ddx5
1700,Ddx50
1701,Ddx52
1702,Ddx54
1703,Ddx55
1704,Ddx56
1705,Ddx58
1706,Ddx6
1707,Ddx60
1708,Deaf1
1709,Decr1
1710,Decr2
1711,Dedd
1712,Dedd2
1713,Defb1
1714,Degs1
1715,Dek
1716,Dele1
1717,Dennd1a
1718,Dennd1b
1719,Dennd2d
1720,Dennd4a
1721,Dennd4c
1722,Dennd5a
1723,Dennd5b
1724,Dennd6a
1725,Denr
1726,Depdc7
1727,Depp1
1728,Deptor
1729,Dera
1730,Derl1
1731,Derl2
1732,Derl3
1733,Desi1
1734,Desi2
1735,Det1
1736,Dexi
1737,Dffa
1738,Dgat1
1739,Dgat2
1740,Dgcr6
1741,Dgka
1742,Dgkd
1743,Dgke
1744,Dgkq
1745,Dgkz
1746,Dglucy
1747,Dguok
1748,Dhcr24
1749,Dhcr7
1750,Dhdds
1751,Dhfr
1752,Dhps
1753,Dhrs1
1754,Dhrs11
1755,Dhrs3
1756,Dhrs4
1757,Dhrs7
1758,Dhrs7b
1759,Dhrs9
1760,Dhtkd1
1761,Dhx15
1762,Dhx16
1763,Dhx29
1764,Dhx30
1765,Dhx32
1766,Dhx33
1767,Dhx36
1768,Dhx38
1769,Dhx40
1770,Dhx58
1771,Dhx8
1772,Dhx9
1773,Diablo
1774,Diaph1
1775,Diaph2
1776,Dicer1
1777,Dido1
1778,Diexf
1779,Dio1
1780,Dip2c
1781,Dirc2
1782,Dis3
1783,Dis3l
1784,Dis3l2
1785,Dixdc1
1786,Dkc1
1787,Dlat
1788,Dlc1
1789,Dld
1790,Dlg1
1791,Dlg2
1792,Dlg3
1793,Dlgap4
1794,Dll1
1795,Dlst
1796,Dmac1
1797,Dmac2
1798,Dmap1
1799,Dmd
1800,Dmgdh
1801,Dmtf1
1802,Dmwd
1803,Dmxl1
1804,Dmxl2
1805,Dnah8
1806,Dnah9
1807,Dnaja1
1808,Dnaja2
1809,Dnaja3
1810,Dnaja4
1811,Dnajb1
1812,Dnajb11
1813,Dnajb12
1814,Dnajb14
1815,Dnajb2
1816,Dnajb4
1817,Dnajb6
1818,Dnajb9
1819,Dnajc1
1820,Dnajc10
1821,Dnajc11
1822,Dnajc12
1823,Dnajc13
1824,Dnajc14
1825,Dnajc15
1826,Dnajc16
1827,Dnajc19
1828,Dnajc2
1829,Dnajc21
1830,Dnajc22
1831,Dnajc24
1832,Dnajc25
1833,Dnajc28
1834,Dnajc3
1835,Dnajc30
1836,Dnajc4
1837,Dnajc5
1838,Dnajc7
1839,Dnajc8
1840,Dnajc9
1841,Dnal4
1842,Dnase2a
1843,Dnase2b
1844,Dnlz
1845,Dnm1l
1846,Dnm2
1847,Dnm3
1848,Dnmbp
1849,Dnmt1
1850,Dnmt3a
1851,Dnpep
1852,Dntt
1853,Dnttip1
1854,Dnttip2
1855,Dock1
1856,Dock4
1857,Dock5
1858,Dock6
1859,Dock7
1860,Dock8
1861,Dohh
1862,Dolk
1863,Dolpp1
1864,Dop1a
1865,Dop1b
1866,Dot1l
1867,Dpagt1
1868,Dpf2
1869,Dph3
1870,Dph5
1871,Dpm2
1872,Dpm3
1873,Dpp3
1874,Dpp4
1875,Dpp7
1876,Dpp8
1877,Dpp9
1878,Dpy19l1
1879,Dpy19l4
1880,Dpy30
1881,Dpyd
1882,Dpys
1883,Dr1
1884,Dram2
1885,Drap1
1886,Drg1
1887,Drg2
1888,Drosha
1889,Dsc2
1890,Dsg2
1891,Dsp
1892,Dst
1893,Dstn
1894,Dtd1
1895,Dtd2
1896,Dtnb
1897,Dtnbp1
1898,Dtwd1
1899,Dtx3l
1900,Dtx4
1901,Dtymk
1902,Dus1l
1903,Dus2
1904,Dus3l
1905,Dusp1
1906,Dusp11
1907,Dusp12
1908,Dusp16
1909,Dusp19
1910,Dusp22
1911,Dusp23
1912,Dusp28
1913,Dusp3
1914,Dusp5
1915,Dusp6
1916,Dusp8
1917,Dut
1918,Dvl1
1919,Dvl3
1920,Dxo
1921,Dym
1922,Dync1h1
1923,Dync1i2
1924,Dync1li1
1925,Dync1li2
1926,Dynll1
1927,Dynll2
1928,Dynlrb1
1929,Dynlt1a
1930,Dynlt1f
1931,Dynlt3
1932,Dyrk1a
1933,Dyrk2
1934,E2f4
1935,E2f5
1936,E2f6
1937,E2f8
1938,Eaf1
1939,Eapp
1940,Ears2
1941,Ebag9
1942,Ebna1bp2
1943,Ebp
1944,Ebpl
1945,Ecd
1946,Ece1
1947,Ech1
1948,Echdc1
1949,Echdc2
1950,Echdc3
1951,Echs1
1952,Eci1
1953,Eci2
1954,Eci3
1955,Ecpas
1956,Ecsit
1957,Edc3
1958,Edc4
1959,Edem1
1960,Edem2
1961,Edem3
1962,Edf1
1963,Edrf1
1964,Eea1
1965,Eed
1966,Eef1a1
1967,Eef1akmt1
1968,Eef1akmt4
1969,Eef1b2
1970,Eef1d
1971,Eef1e1
1972,Eef1g
1973,Eef2
1974,Eef2kmt
1975,Eefsec
1976,Eepd1
1977,Efcab14
1978,Efcab8
1979,Efhd2
1980,Efl1
1981,Efna1
1982,Efnb1
1983,Efr3a
1984,Eftud2
1985,Egfr
1986,Egln1
1987,Egln2
1988,Egln3
1989,Egr1
1990,Ehbp1
1991,Ehd1
1992,Ehd4
1993,Ehhadh
1994,Ehmt1
1995,Ehmt2
1996,Ei24
1997,Eid1
1998,Eif1
1999,Eif1a
2000,Eif1ad
2001,Eif1ax
2002,Eif1b
2003,Eif2a
2004,Eif2ak1
2005,Eif2ak2
2006,Eif2ak3
2007,Eif2ak4
2008,Eif2b1
2009,Eif2b2
2010,Eif2b3
2011,Eif2b4
2012,Eif2b5
2013,Eif2d
2014,Eif2s1
2015,Eif2s2
2016,Eif2s3x
2017,Eif3a
2018,Eif3b
2019,Eif3c
2020,Eif3d
2021,Eif3e
2022,Eif3f
2023,Eif3g
2024,Eif3h
2025,Eif3i
2026,Eif3j1
2027,Eif3j2
2028,Eif3k
2029,Eif3l
2030,Eif3m
2031,Eif4a1
2032,Eif4a2
2033,Eif4a3
2034,Eif4b
2035,Eif4e
2036,Eif4e2
2037,Eif4ebp1
2038,Eif4ebp2
2039,Eif4enif1
2040,Eif4g1
2041,Eif4g2
2042,Eif4g3
2043,Eif4h
2044,Eif5
2045,Eif5a
2046,Eif5b
2047,Eif6
2048,Eipr1
2049,Elac2
2050,Elavl1
2051,Elf1
2052,Elf2
2053,Elf3
2054,Elk4
2055,Ell
2056,Ell2
2057,Elmo3
2058,Elmod2
2059,Elmod3
2060,Elmsan1
2061,Eloa
2062,Elob
2063,Eloc
2064,Elof1
2065,Elovl1
2066,Elovl2
2067,Elovl3
2068,Elovl5
2069,Elovl6
2070,Elp1
2071,Elp2
2072,Elp3
2073,Elp4
2074,Elp5
2075,Emc1
2076,Emc10
2077,Emc2
2078,Emc3
2079,Emc4
2080,Emc6
2081,Emc7
2082,Emc9
2083,Emd
2084,Eme2
2085,Emg1
2086,Eml3
2087,Eml4
2088,Emp2
2089,Emsy
2090,Enc1
2091,Endod1
2092,Endog
2093,Enho
2094,Eno1
2095,Enox2
2096,Enpep
2097,Enpp1
2098,Enpp2
2099,Enpp3
2100,Enpp4
2101,Enpp5
2102,Ensa
2103,Entpd4
2104,Entpd4b
2105,Entpd5
2106,Entpd8
2107,Entr1
2108,Eny2
2109,Ep300
2110,Ep400
2111,Epas1
2112,Epb41
2113,Epb41l4b
2114,Epb41l5
2115,Epc1
2116,Epc2
2117,Epg5
2118,Epha1
2119,Epha2
2120,Ephx1
2121,Ephx2
2122,Epm2aip1
2123,Epn1
2124,Epo
2125,Eppk1
2126,Eprs
2127,Eps15
2128,Eps15l1
2129,Eps8l2
2130,Eral1
2131,Erap1
2132,Erbb3
2133,Erbin
2134,Erc1
2135,Erc2
2136,Ercc3
2137,Ercc5
2138,Ercc6l2
2139,Erf
2140,Erg28
2141,Ergic1
2142,Ergic2
2143,Ergic3
2144,Erh
2145,Eri1
2146,Eri3
2147,Erich1
2148,Erlec1
2149,Erlin1
2150,Erlin2
2151,Ermard
2152,Ermp1
2153,Ern1
2154,Ero1l
2155,Ero1lb
2156,Erp29
2157,Erp44
2158,Errfi1
2159,Esco1
2160,Esd
2161,Esf1
2162,Esr1
2163,Esrp2
2164,Esrra
2165,Esyt1
2166,Esyt2
2167,Etaa1
2168,Etf1
2169,Etfa
2170,Etfb
2171,Etfbkmt
2172,Etfdh
2173,Etfrf1
2174,Ethe1
2175,Etl4
2176,Etnk1
2177,Etnk2
2178,Etnppl
2179,Ets2
2180,Etv3
2181,Etv6
2182,Eva1a
2183,Evi5
2184,Ewsr1
2185,Exoc1
2186,Exoc2
2187,Exoc3
2188,Exoc4
2189,Exoc5
2190,Exoc6
2191,Exoc7
2192,Exoc8
2193,Exosc1
2194,Exosc10
2195,Exosc2
2196,Exosc3
2197,Exosc4
2198,Exosc5
2199,Exosc7
2200,Exosc8
2201,Exosc9
2202,Exph5
2203,Ext1
2204,Ext2
2205,Extl2
2206,Extl3
2207,Eya3
2208,Ezh1
2209,Ezh2
2210,F10
2211,F11
2212,F11r
2213,F12
2214,F13b
2215,F2
2216,F5
2217,F7
2218,F8a
2219,F9
2220,Faah
2221,Faap20
2222,Fabp1
2223,Fabp2
2224,Fabp5
2225,Fadd
2226,Fads1
2227,Fads2
2228,Fads6
2229,Faf1
2230,Faf2
2231,Fah
2232,Fahd1
2233,Fahd2a
2234,Faim
2235,Fam102a
2236,Fam104a
2237,Fam107b
2238,Fam114a1
2239,Fam114a2
2240,Fam120a
2241,Fam120b
2242,Fam124a
2243,Fam126a
2244,Fam126b
2245,Fam129b
2246,Fam133b
2247,Fam135a
2248,Fam136a
2249,Fam13a
2250,Fam13b
2251,Fam149a
2252,Fam149b
2253,Fam160a2
2254,Fam160b1
2255,Fam162a
2256,Fam168a
2257,Fam168b
2258,Fam169b
2259,Fam172a
2260,Fam173a
2261,Fam173b
2262,Fam174a
2263,Fam187b
2264,Fam189a1
2265,Fam192a
2266,Fam193a
2267,Fam199x
2268,Fam19a2
2269,Fam204a
2270,Fam207a
2271,Fam208a
2272,Fam208b
2273,Fam20a
2274,Fam20b
2275,Fam20c
2276,Fam210a
2277,Fam210b
2278,Fam213a
2279,Fam213b
2280,Fam214a
2281,Fam214b
2282,Fam220a
2283,Fam222a
2284,Fam222b
2285,Fam234a
2286,Fam234b
2287,Fam241a
2288,Fam25c
2289,Fam32a
2290,Fam3a
2291,Fam3c
2292,Fam45a
2293,Fam47e
2294,Fam50a
2295,Fam53a
2296,Fam53c
2297,Fam69a
2298,Fam76a
2299,Fam83h
2300,Fam84b
2301,Fam89a
2302,Fam89b
2303,Fam8a1
2304,Fam91a1
2305,Fam92a
2306,Fam98a
2307,Fam98b
2308,Fam98c
2309,Fancl
2310,Farp1
2311,Farp2
2312,Fars2
2313,Farsa
2314,Farsb
2315,Fas
2316,Fasn
2317,Fastk
2318,Fastkd1
2319,Fastkd2
2320,Fastkd3
2321,Fat1
2322,Fau
2323,Fbh1
2324,Fbl
2325,Fbp1
2326,Fbrs
2327,Fbrsl1
2328,Fbxl13
2329,Fbxl14
2330,Fbxl15
2331,Fbxl17
2332,Fbxl20
2333,Fbxl3
2334,Fbxl4
2335,Fbxl5
2336,Fbxo11
2337,Fbxo21
2338,Fbxo22
2339,Fbxo25
2340,Fbxo28
2341,Fbxo3
2342,Fbxo30
2343,Fbxo31
2344,Fbxo33
2345,Fbxo34
2346,Fbxo36
2347,Fbxo38
2348,Fbxo4
2349,Fbxo42
2350,Fbxo45
2351,Fbxo6
2352,Fbxo7
2353,Fbxo8
2354,Fbxo9
2355,Fbxw11
2356,Fbxw2
2357,Fbxw4
2358,Fbxw5
2359,Fbxw7
2360,Fbxw8
2361,Fbxw9
2362,Fcf1
2363,Fcgrt
2364,Fcho2
2365,Fchsd2
2366,Fcrla
2367,Fdft1
2368,Fdx1
2369,Fdxr
2370,Fech
2371,Fem1a
2372,Fem1b
2373,Fem1c
2374,Fer
2375,Fermt2
2376,Fetub
2377,Fez2
2378,Fga
2379,Fgb
2380,Fgd4
2381,Fgd6
2382,Fgf1
2383,Fgf21
2384,Fgfr1op
2385,Fgfr1op2
2386,Fgfr2
2387,Fgfr3
2388,Fgfr4
2389,Fgfrl1
2390,Fgg
2391,Fggy
2392,Fgl1
2393,Fh1
2394,Fhl3
2395,Fibp
2396,Ficd
2397,Fig4
2398,Fign
2399,Fip1l1
2400,Fis1
2401,Fitm1
2402,Fitm2
2403,Fiz1
2404,Fkbp11
2405,Fkbp15
2406,Fkbp1a
2407,Fkbp2
2408,Fkbp3
2409,Fkbp4
2410,Fkbp5
2411,Fkbp8
2412,Fkbp9
2413,Fkrp
2414,Fktn
2415,Flad1
2416,Flcn
2417,Flii
2418,Flnb
2419,Flot1
2420,Flot2
2421,Flywch1
2422,Fmc1
2423,Fmo1
2424,Fmo2
2425,Fmo3
2426,Fmo4
2427,Fmo5
2428,Fmr1
2429,Fn1
2430,Fn3k
2431,Fnbp1
2432,Fnbp1l
2433,Fnbp4
2434,Fndc3a
2435,Fndc3b
2436,Fndc4
2437,Fnip1
2438,Fnip2
2439,Fnta
2440,Fopnl
2441,Fos
2442,Fosb
2443,Fosl2
2444,Foxa1
2445,Foxa2
2446,Foxa3
2447,Foxj3
2448,Foxk1
2449,Foxk2
2450,Foxn2
2451,Foxn3
2452,Foxo1
2453,Foxo3
2454,Foxo4
2455,Foxp1
2456,Foxp4
2457,Foxq1
2458,Foxred1
2459,Fpgs
2460,Fpgt
2461,Fra10ac1
2462,Frat1
2463,Frg1
2464,Frk
2465,Frmd4b
2466,Frmd6
2467,Frmd8
2468,Frrs1
2469,Frs2
2470,Fryl
2471,Fst
2472,Ftcd
2473,Fth1
2474,Ftl1
2475,Ftl1-ps1
2476,Fto
2477,Ftsj1
2478,Ftsj3
2479,Fubp1
2480,Fubp3
2481,Fuca1
2482,Fuca2
2483,Fundc1
2484,Fundc2
2485,Fuom
2486,Furin
2487,Fus
2488,Fut8
2489,Fxn
2490,Fxr1
2491,Fxr2
2492,Fxyd1
2493,Fyb
2494,Fyb2
2495,Fyco1
2496,Fyttd1
2497,Fzd4
2498,Fzd7
2499,Fzd8
2500,Fzr1
2501,G0s2
2502,G3bp1
2503,G3bp2
2504,G6pc
2505,G6pdx
2506,Gaa
2507,Gab1
2508,Gabarap
2509,Gabarapl1
2510,Gabarapl2
2511,Gabbr2
2512,Gabpa
2513,Gabpb1
2514,Gabpb2
2515,Gabrb1
2516,Gadd45a
2517,Gadd45b
2518,Gadd45g
2519,Gadd45gip1
2520,Gak
2521,Gale
2522,Galk1
2523,Galk2
2524,Galm
2525,Galns
2526,Galnt1
2527,Galnt11
2528,Galnt17
2529,Gamt
2530,Gan
2531,Ganab
2532,Ganc
2533,Gapdh
2534,Gapvd1
2535,Gar1
2536,Garem1
2537,Gars
2538,Gart
2539,Gas1
2540,Gas2
2541,Gas2l1
2542,Gas6
2543,Gas7
2544,Gata4
2545,Gata6
2546,Gatad1
2547,Gatad2a
2548,Gatad2b
2549,Gatb
2550,Gatc
2551,Gatd1
2552,Gba
2553,Gbe1
2554,Gbf1
2555,Gbp2
2556,Gbp3
2557,Gbp7
2558,Gbp8
2559,Gc
2560,Gca
2561,Gcat
2562,Gcc1
2563,Gcc2
2564,Gcdh
2565,Gcgr
2566,Gch1
2567,Gchfr
2568,Gck
2569,Gckr
2570,Gclc
2571,Gclm
2572,Gcn1l1
2573,Gcnt2
2574,Gcsh
2575,Gda
2576,Gdap2
2577,Gde1
2578,Gdf15
2579,Gdi1
2580,Gdi2
2581,Gemin2
2582,Gemin5
2583,Gemin6
2584,Gemin7
2585,Get4
2586,Gfer
2587,Gfm1
2588,Gfm2
2589,Gfpt1
2590,Gfra1
2591,Gga1
2592,Gga2
2593,Ggact
2594,Ggct
2595,Ggcx
2596,Ggh
2597,Ggnbp1
2598,Ggnbp2
2599,Ggps1
2600,Ggt6
2601,Ghdc
2602,Ghitm
2603,Ghr
2604,Gid4
2605,Gid8
2606,Gigyf1
2607,Gigyf2
2608,Gimap8
2609,Gimap9
2610,Gimd1
2611,Ginm1
2612,Gins4
2613,Gipc1
2614,Git2
2615,Gjb1
2616,Gjb2
2617,Gk
2618,Gkap1
2619,Gla
2620,Glb1
2621,Glce
2622,Gldc
2623,Gle1
2624,Glg1
2625,Glmp
2626,Glod4
2627,Glrx
2628,Glrx2
2629,Glrx3
2630,Glrx5
2631,Gls2
2632,Glt1d1
2633,Gltpd2
2634,Glud1
2635,Glul
2636,Glyat
2637,Glyctk
2638,Glyr1
2639,Gm10031
2640,Gm10053
2641,Gm10073
2642,Gm10131
2643,Gm10184
2644,Gm10260
2645,Gm10273
2646,Gm10282
2647,Gm10320
2648,Gm10639
2649,Gm10800
2650,Gm10801
2651,Gm10837
2652,Gm11273
2653,Gm11361
2654,Gm11808
2655,Gm12166
2656,Gm12184
2657,Gm12185
2658,Gm12355
2659,Gm14288
2660,Gm14295
2661,Gm14296
2662,Gm14399
2663,Gm14403
2664,Gm14418
2665,Gm15013
2666,Gm15446
2667,Gm16286
2668,Gm17018
2669,Gm17660
2670,Gm2000
2671,Gm20388
2672,Gm20390
2673,Gm20425
2674,Gm20431
2675,Gm20441
2676,Gm20449
2677,Gm20458
2678,Gm20498
2679,Gm20503
2680,Gm20518
2681,Gm20521
2682,Gm20537
2683,Gm20538
2684,Gm20547
2685,Gm20594
2686,Gm20671
2687,Gm20683
2688,Gm20696
2689,Gm20708
2690,Gm20716
2691,Gm21887
2692,Gm21969
2693,Gm21974
2694,Gm21988
2695,Gm21992
2696,Gm26938
2697,Gm27021
2698,Gm27027
2699,Gm27029
2700,Gm28035
2701,Gm28036
2702,Gm28043
2703,Gm28047
2704,Gm28048
2705,Gm28051
2706,Gm28285
2707,Gm28374
2708,Gm28551
2709,Gm28557
2710,Gm28635
2711,Gm29394
2712,Gm29609
2713,Gm2a
2714,Gm33543
2715,Gm3550
2716,Gm36028
2717,Gm37240
2718,Gm3776
2719,Gm37988
2720,Gm38303
2721,Gm3839
2722,Gm38392
2723,Gm38393
2724,Gm4070
2725,Gm42416
2726,Gm42417
2727,Gm42420
2728,Gm42688
2729,Gm42791
2730,Gm43191
2731,Gm43302
2732,Gm43552
2733,Gm43738
2734,Gm44502
2735,Gm44503
2736,Gm44805
2737,Gm45021
2738,Gm45140
2739,Gm45194
2740,Gm45208
2741,Gm45234
2742,Gm45716
2743,Gm45717
2744,Gm45753
2745,Gm45785
2746,Gm45808
2747,Gm45871
2748,Gm47283
2749,Gm4737
2750,Gm4756
2751,Gm4788
2752,Gm4841
2753,Gm49354
2754,Gm49355
2755,Gm49356
2756,Gm49358
2757,Gm49361
2758,Gm49366
2759,Gm49369
2760,Gm49380
2761,Gm49387
2762,Gm49388
2763,Gm49416
2764,Gm49450
2765,Gm4951
2766,Gm4952
2767,Gm49527
2768,Gm49673
2769,Gm5096
2770,Gm5617
2771,Gm5678
2772,Gm6133
2773,Gm6169
2774,Gm6665
2775,Gm6710
2776,Gm7030
2777,Gm7298
2778,Gm7324
2779,Gm7694
2780,Gm8797
2781,Gm9774
2782,Gmcl1
2783,Gmds
2784,Gmeb1
2785,Gmeb2
2786,Gmfb
2787,Gmnn
2788,Gmppa
2789,Gmppb
2790,Gmpr2
2791,Gmps
2792,Gna11
2793,Gna12
2794,Gna13
2795,Gnai2
2796,Gnai3
2797,Gnal
2798,Gnaq
2799,Gnas
2800,Gnaz
2801,Gnb1
2802,Gne
2803,Gng11
2804,Gng12
2805,Gng5
2806,Gnl1
2807,Gnl2
2808,Gnl3
2809,Gnl3l
2810,Gnmt
2811,Gnpat
2812,Gnpda1
2813,Gnpnat1
2814,Gnptg
2815,Gns
2816,Golga1
2817,Golga2
2818,Golga3
2819,Golga4
2820,Golga5
2821,Golga7
2822,Golgb1
2823,Golim4
2824,Golph3
2825,Golt1a
2826,Gon4l
2827,Gopc
2828,Gorasp2
2829,Gosr1
2830,Gosr2
2831,Got1
2832,Got2
2833,Gpaa1
2834,Gpalpp1
2835,Gpam
2836,Gpank1
2837,Gpat3
2838,Gpat4
2839,Gpatch1
2840,Gpatch11
2841,Gpatch2
2842,Gpatch2l
2843,Gpatch4
2844,Gpatch8
2845,Gpbp1
2846,Gpbp1l1
2847,Gpc4
2848,Gpcpd1
2849,Gpd1
2850,Gpd1l
2851,Gpd2
2852,Gphn
2853,Gpi1
2854,Gpkow
2855,Gpld1
2856,Gpn1
2857,Gpn2
2858,Gpn3
2859,Gpr107
2860,Gpr108
2861,Gpr137
2862,Gpr146
2863,Gpr155
2864,Gpr180
2865,Gpr89
2866,Gprasp1
2867,Gprc5c
2868,Gprin3
2869,Gps1
2870,Gps2
2871,Gpsm2
2872,Gpt
2873,Gpt2
2874,Gpx1
2875,Gpx4
2876,Gramd1a
2877,Gramd1c
2878,Gramd3
2879,Grb14
2880,Grb2
2881,Grb7
2882,Grcc10
2883,Grem2
2884,Grhpr
2885,Grik3
2886,Grina
2887,Gripap1
2888,Grk2
2889,Grk6
2890,Grn
2891,Grpel1
2892,Grpel2
2893,Grsf1
2894,Grtp1
2895,Grwd1
2896,Gsap
2897,Gsdmd
2898,Gsk3a
2899,Gsk3b
2900,Gskip
2901,Gspt1
2902,Gsr
2903,Gss
2904,Gsta1
2905,Gsta2
2906,Gsta3
2907,Gsta4
2908,Gstk1
2909,Gstm1
2910,Gstm2
2911,Gstm3
2912,Gstm4
2913,Gstm5
2914,Gstm6
2915,Gstm7
2916,Gsto1
2917,Gstp1
2918,Gstp2
2919,Gstp3
2920,Gstt1
2921,Gstt2
2922,Gstz1
2923,Gtf2a1
2924,Gtf2a2
2925,Gtf2b
2926,Gtf2e1
2927,Gtf2e2
2928,Gtf2f1
2929,Gtf2f2
2930,Gtf2h1
2931,Gtf2h2
2932,Gtf2h3
2933,Gtf2h4
2934,Gtf2h5
2935,Gtf2i
2936,Gtf2ird1
2937,Gtf3a
2938,Gtf3c1
2939,Gtf3c3
2940,Gtf3c4
2941,Gtf3c6
2942,Gtpbp1
2943,Gtpbp10
2944,Gtpbp2
2945,Gtpbp4
2946,Gtpbp6
2947,Gtpbp8
2948,Gucd1
2949,Guf1
2950,Guk1
2951,Gulo
2952,Gusb
2953,Gvin1
2954,Gxylt1
2955,Gyg
2956,Gypc
2957,Gys2
2958,Gzf1
2959,H13
2960,H1f0
2961,H2afj
2962,H2afv
2963,H2afx
2964,H2afy
2965,H2afz
2966,H3f3a
2967,H3f3b
2968,H6pd
2969,Haao
2970,Habp2
2971,Habp4
2972,Hacd1
2973,Hacd2
2974,Hacd3
2975,Hadh
2976,Hadha
2977,Hadhb
2978,Hagh
2979,Hal
2980,Hamp
2981,Hamp2
2982,Hao1
2983,Hao2
2984,Hapln4
2985,Harbi1
2986,Hars
2987,Hars2
2988,Hat1
2989,Haus2
2990,Haus4
2991,Haus7
2992,Hax1
2993,Hba-a1
2994,Hbb-bs
2995,Hbegf
2996,Hbp1
2997,Hbs1l
2998,Hc
2999,Hcar2
3000,Hccs
3001,Hcfc1
3002,Hcfc1r1
3003,Hcfc2
3004,Hdac1
3005,Hdac10
3006,Hdac11
3007,Hdac2
3008,Hdac3
3009,Hdac4
3010,Hdac5
3011,Hdac6
3012,Hdgf
3013,Hdgfl2
3014,Hdhd2
3015,Hdhd3
3016,Hdlbp
3017,Heatr1
3018,Heatr3
3019,Heatr6
3020,Hebp1
3021,Heca
3022,Hectd1
3023,Hectd3
3024,Hectd4
3025,Helb
3026,Helz
3027,Helz2
3028,Hemk1
3029,Heph
3030,Herc1
3031,Herc2
3032,Herc4
3033,Herc6
3034,Herpud1
3035,Herpud2
3036,Hes1
3037,Hes6
3038,Hexa
3039,Hexb
3040,Hexim1
3041,Hfe
3042,Hfe2
3043,Hgd
3044,Hgfac
3045,Hgs
3046,Hgsnat
3047,Hhex
3048,Hhla1
3049,Hibadh
3050,Hibch
3051,Hif1a
3052,Hif1an
3053,Higd1a
3054,Higd2a
3055,Hikeshi
3056,Hilpda
3057,Hint1
3058,Hint2
3059,Hint3
3060,Hip1r
3061,Hipk1
3062,Hipk2
3063,Hipk3
3064,Hist1h1c
3065,Hist1h2ak
3066,Hist1h2ao
3067,Hist1h2ap
3068,Hist1h2bc
3069,Hist1h2be
3070,Hist1h2bg
3071,Hist1h2bh
3072,Hist1h2bj
3073,Hist1h2bl
3074,Hist1h2bm
3075,Hist2h2aa2
3076,Hist2h2ac
3077,Hivep1
3078,Hivep2
3079,Hjurp
3080,Hlcs
3081,Hlf
3082,Hltf
3083,Hmbox1
3084,Hmbs
3085,Hmces
3086,Hmg20b
3087,Hmga1b
3088,Hmgb1
3089,Hmgb2
3090,Hmgb3
3091,Hmgcl
3092,Hmgcr
3093,Hmgcs1
3094,Hmgcs2
3095,Hmgn1
3096,Hmgn2
3097,Hmgn5
3098,Hmgxb3
3099,Hmox1
3100,Hmox2
3101,Hnf1a
3102,Hnf1b
3103,Hnf4a
3104,Hnmt
3105,Hnrnpa0
3106,Hnrnpa1
3107,Hnrnpa2b1
3108,Hnrnpa3
3109,Hnrnpab
3110,Hnrnpc
3111,Hnrnpd
3112,Hnrnpdl
3113,Hnrnpf
3114,Hnrnph1
3115,Hnrnph2
3116,Hnrnph3
3117,Hnrnpk
3118,Hnrnpl
3119,Hnrnpll
3120,Hnrnpm
3121,Hnrnpr
3122,Hnrnpu
3123,Hnrnpul1
3124,Hnrnpul2
3125,Hoga1
3126,Homer1
3127,Homer2
3128,Hook1
3129,Hook2
3130,Hook3
3131,Hopx
3132,Hp
3133,Hp1bp3
3134,Hpcal1
3135,Hpf1
3136,Hpgd
3137,Hpn
3138,Hprt
3139,Hps1
3140,Hps4
3141,Hpx
3142,Hras
3143,Hrg
3144,Hs1bp3
3145,Hs2st1
3146,Hs3st3b1
3147,Hs6st1
3148,Hsbp1
3149,Hscb
3150,Hsd11b1
3151,Hsd17b10
3152,Hsd17b11
3153,Hsd17b12
3154,Hsd17b13
3155,Hsd17b2
3156,Hsd17b4
3157,Hsd17b6
3158,Hsd17b7
3159,Hsd3b2
3160,Hsd3b3
3161,Hsd3b6
3162,Hsdl2
3163,Hsf1
3164,Hsf2
3165,Hsp90aa1
3166,Hsp90ab1
3167,Hsp90b1
3168,Hspa13
3169,Hspa14
3170,Hspa1a
3171,Hspa1b
3172,Hspa4
3173,Hspa4l
3174,Hspa5
3175,Hspa8
3176,Hspa9
3177,Hspb1
3178,Hspb11
3179,Hspb6
3180,Hspb8
3181,Hspbp1
3182,Hspd1
3183,Hspe1
3184,Hsph1
3185,Htatip2
3186,Htatsf1
3187,Htra2
3188,Htt
3189,Hus1
3190,Huwe1
3191,Hyal1
3192,Hyal2
3193,Hykk
3194,Hyou1
3195,Iah1
3196,Iars
3197,Iars2
3198,Iba57
3199,Ibtk
3200,Icam1
3201,Ice1
3202,Ice2
3203,Ick
3204,Icmt
3205,Id1
3206,Id2
3207,Id3
3208,Ide
3209,Idh1
3210,Idh2
3211,Idh3a
3212,Idh3b
3213,Idh3g
3214,Idi1
3215,Idnk
3216,Ido2
3217,Ier2
3218,Ier3
3219,Ier3ip1
3220,Ier5
3221,Iffo2
3222,Ifi27
3223,Ifi27l2b
3224,Ifi35
3225,Ifi44
3226,Ifih1
3227,Ifit1
3228,Ifit2
3229,Ifit3
3230,Ifit3b
3231,Ifitm3
3232,Ifnar1
3233,Ifnar2
3234,Ifnb1
3235,Ifngr1
3236,Ifngr2
3237,Ifrd1
3238,Ifrd2
3239,Ift20
3240,Ift27
3241,Ift46
3242,Ift52
3243,Ift74
3244,Igbp1
3245,Igf1
3246,Igf2bp2
3247,Igf2r
3248,Igfals
3249,Igfbp1
3250,Igfbp2
3251,Igfbp4
3252,Igip
3253,Igsf11
3254,Igsf5
3255,Igtp
3256,Iigp1
3257,Ik
3258,Ikbkb
3259,Ikbke
3260,Ikbkg
3261,Il11ra1
3262,Il13ra1
3263,Il15ra
3264,Il17ra
3265,Il17rb
3266,Il17rc
3267,Il18
3268,Il18bp
3269,Il1r1
3270,Il1rap
3271,Il1rn
3272,Il2
3273,Il31ra
3274,Il33
3275,Il4ra
3276,Il6ra
3277,Il6st
3278,Ildr2
3279,Ilf2
3280,Ilf3
3281,Ilk
3282,Ilkap
3283,Ilvbl
3284,Immp1l
3285,Immp2l
3286,Immt
3287,Imp3
3288,Imp4
3289,Impa1
3290,Impact
3291,Impad1
3292,Impdh2
3293,Inca1
3294,Inf2
3295,Ing1
3296,Ing2
3297,Ing3
3298,Ing4
3299,Ing5
3300,Inhba
3301,Inhbc
3302,Inhbe
3303,Inmt
3304,Ino80
3305,Ino80b
3306,Ino80c
3307,Ino80d
3308,Ino80e
3309,Inpp1
3310,Inpp4a
3311,Inpp5a
3312,Inpp5b
3313,Inpp5e
3314,Inpp5f
3315,Inpp5k
3316,Inppl1
3317,Insc
3318,Insig1
3319,Insig2
3320,Insr
3321,Ints1
3322,Ints11
3323,Ints12
3324,Ints13
3325,Ints14
3326,Ints3
3327,Ints4
3328,Ints6
3329,Ints7
3330,Ints8
3331,Ints9
3332,Invs
3333,Ip6k1
3334,Ip6k2
3335,Ipmk
3336,Ipo11
3337,Ipo13
3338,Ipo4
3339,Ipo5
3340,Ipo7
3341,Ipo8
3342,Ipo9
3343,Ipp
3344,Ippk
3345,Iqcb1
3346,Iqcc
3347,Iqgap2
3348,Iqsec1
3349,Iqsec2
3350,Irak1
3351,Irak2
3352,Irak4
3353,Ireb2
3354,Irf1
3355,Irf2
3356,Irf2bp1
3357,Irf2bp2
3358,Irf2bpl
3359,Irf3
3360,Irf5
3361,Irf6
3362,Irf7
3363,Irf9
3364,Irgm1
3365,Irgm2
3366,Irgq
3367,Irs1
3368,Irs2
3369,Isca1
3370,Isca2
3371,Iscu
3372,Isg15
3373,Isg20
3374,Isg20l2
3375,Isoc1
3376,Isoc2a
3377,Isoc2b
3378,Ispd
3379,Ist1
3380,Isyna1
3381,Itch
3382,Itfg1
3383,Itga1
3384,Itga6
3385,Itgav
3386,Itgb1
3387,Itgb1bp1
3388,Itgb3bp
3389,Itgb5
3390,Itih1
3391,Itih2
3392,Itih3
3393,Itih4
3394,Itih5
3395,Itm2b
3396,Itm2c
3397,Itpa
3398,Itpk1
3399,Itpkc
3400,Itpr1
3401,Itpr2
3402,Itprid2
3403,Itsn1
3404,Itsn2
3405,Ivd
3406,Ivns1abp
3407,Iws1
3408,Iyd
3409,Jade1
3410,Jade2
3411,Jagn1
3412,Jak1
3413,Jak2
3414,Jak3
3415,Jarid2
3416,Jkamp
3417,Jmjd1c
3418,Jmjd4
3419,Jmjd6
3420,Jmy
3421,Josd1
3422,Josd2
3423,Jpt1
3424,Jpt2
3425,Jtb
3426,Jun
3427,Junb
3428,Jund
3429,Jup
3430,Kalrn
3431,Kank1
3432,Kank2
3433,Kansl1
3434,Kansl1l
3435,Kansl2
3436,Kansl3
3437,Kars
3438,Kat14
3439,Kat2a
3440,Kat2b
3441,Kat6a
3442,Kat6b
3443,Kat7
3444,Kat8
3445,Katna1
3446,Katnbl1
3447,Kbtbd2
3448,Kbtbd4
3449,Kbtbd7
3450,Kcmf1
3451,Kcnc4
3452,Kcnk2
3453,Kcnk5
3454,Kcnn2
3455,Kcnq5
3456,Kctd16
3457,Kctd2
3458,Kctd20
3459,Kctd3
3460,Kctd6
3461,Kctd9
3462,Kdelc2
3463,Kdelr1
3464,Kdelr2
3465,Kdf1
3466,Kdm1a
3467,Kdm1b
3468,Kdm2a
3469,Kdm3a
3470,Kdm4a
3471,Kdm4c
3472,Kdm5a
3473,Kdm5b
3474,Kdm5c
3475,Kdm6a
3476,Kdm6b
3477,Kdm7a
3478,Kdsr
3479,Keap1
3480,Keg1
3481,Khdc4
3482,Khdrbs1
3483,Khdrbs3
3484,Khk
3485,Khnyn
3486,Khsrp
3487,Kidins220
3488,Kif11
3489,Kif13a
3490,Kif13b
3491,Kif16b
3492,Kif1b
3493,Kif1bp
3494,Kif1c
3495,Kif21a
3496,Kif28
3497,Kif2a
3498,Kif3a
3499,Kif3b
3500,Kif5b
3501,Kifap3
3502,Kifc3
3503,Kin
3504,Kiz
3505,Klb
3506,Klc4
3507,Klf10
3508,Klf11
3509,Klf12
3510,Klf13
3511,Klf15
3512,Klf3
3513,Klf6
3514,Klf9
3515,Klhdc10
3516,Klhdc2
3517,Klhdc3
3518,Klhdc4
3519,Klhdc7a
3520,Klhl12
3521,Klhl13
3522,Klhl2
3523,Klhl21
3524,Klhl22
3525,Klhl24
3526,Klhl25
3527,Klhl28
3528,Klhl3
3529,Klhl5
3530,Klhl7
3531,Klhl9
3532,Klkb1
3533,Kmo
3534,Kmt2a
3535,Kmt2c
3536,Kmt2d
3537,Kmt2e
3538,Kmt5a
3539,Kmt5b
3540,Kng1
3541,Kng2
3542,Knop1
3543,Kpna1
3544,Kpna2
3545,Kpna3
3546,Kpna4
3547,Kpna6
3548,Kpnb1
3549,Kptn
3550,Kras
3551,Krba1
3552,Krcc1
3553,Krit1
3554,Krr1
3555,Krt18
3556,Krt8
3557,Krtcap2
3558,Ktn1
3559,Kxd1
3560,Kyat1
3561,Kyat3
3562,Kynu
3563,L2hgdh
3564,L3hypdh
3565,L3mbtl2
3566,L3mbtl3
3567,Lacc1
3568,Lactb
3569,Lactb2
3570,Lage3
3571,Lama3
3572,Lamp1
3573,Lamp2
3574,Lamtor1
3575,Lamtor2
3576,Lamtor3
3577,Lamtor4
3578,Lamtor5
3579,Lancl1
3580,Lancl2
3581,Lap3
3582,Laptm4a
3583,Laptm4b
3584,Larp1
3585,Larp1b
3586,Larp4
3587,Larp4b
3588,Larp7
3589,Lars
3590,Lars2
3591,Las1l
3592,Lasp1
3593,Lats1
3594,Lbhd1
3595,Lbp
3596,Lbr
3597,Lcat
3598,Lclat1
3599,Lcmt1
3600,Lcmt2
3601,Lcn2
3602,Lcor
3603,Lcorl
3604,Lcp1
3605,Ldah
3606,Ldb1
3607,Ldha
3608,Ldhd
3609,Ldlr
3610,Ldlrad3
3611,Ldlrap1
3612,Leap2
3613,Lect2
3614,Lemd2
3615,Lemd3
3616,Lenep
3617,Leng1
3618,Leng8
3619,Leo1
3620,Lepr
3621,Leprot
3622,Leprotl1
3623,Letm1
3624,Letmd1
3625,Lgals1
3626,Lgals3bp
3627,Lgals8
3628,Lgals9
3629,Lgalsl
3630,Lgmn
3631,Lgr4
3632,Lgr5
3633,Lhpp
3634,Lias
3635,Lifr
3636,Lig1
3637,Lig3
3638,Lig4
3639,Lima1
3640,Limd1
3641,Limd2
3642,Lims1
3643,Lims2
3644,Lin37
3645,Lin52
3646,Lin7a
3647,Lin7c
3648,Lipa
3649,Lipc
3650,Lipe
3651,Lipg
3652,Litaf
3653,Llgl2
3654,Llph
3655,Lman1
3656,Lman2
3657,Lman2l
3658,Lmbrd1
3659,Lmbrd2
3660,Lmf1
3661,Lmf2
3662,Lmna
3663,Lmo4
3664,Lmo7
3665,Lmtk2
3666,Lnpep
3667,Lnx2
3668,Lonp1
3669,Lonp2
3670,Loxl4
3671,Lpar6
3672,Lpcat3
3673,Lpgat1
3674,Lpin1
3675,Lpl
3676,Lpp
3677,Lrba
3678,Lrch3
3679,Lrch4
3680,Lrfn3
3681,Lrg1
3682,Lrif1
3683,Lrig1
3684,Lrig3
3685,Lrit1
3686,Lrp1
3687,Lrp10
3688,Lrp1b
3689,Lrp3
3690,Lrp5
3691,Lrp6
3692,Lrpap1
3693,Lrpprc
3694,Lrrc14
3695,Lrrc20
3696,Lrrc24
3697,Lrrc28
3698,Lrrc3
3699,Lrrc40
3700,Lrrc41
3701,Lrrc42
3702,Lrrc47
3703,Lrrc57
3704,Lrrc58
3705,Lrrc59
3706,Lrrc61
3707,Lrrc8a
3708,Lrrc8d
3709,Lrrfip1
3710,Lrrfip2
3711,Lrsam1
3712,Lrtm1
3713,Lsg1
3714,Lsm1
3715,Lsm10
3716,Lsm12
3717,Lsm14a
3718,Lsm14b
3719,Lsm2
3720,Lsm3
3721,Lsm4
3722,Lsm5
3723,Lsm6
3724,Lsm7
3725,Lsm8
3726,Lsr
3727,Lss
3728,Lta4h
3729,Ltbr
3730,Ltn1
3731,Ltv1
3732,Luc7l
3733,Luc7l2
3734,Luc7l3
3735,Lurap1l
3736,Luzp1
3737,Ly6a
3738,Ly6d
3739,Ly6e
3740,Ly96
3741,Lyar
3742,Lyn
3743,Lypla1
3744,Lypla2
3745,Lyplal1
3746,Lyrm2
3747,Lyrm4
3748,Lyrm9
3749,Lysmd1
3750,Lysmd3
3751,Lyst
3752,Lztfl1
3753,Lztr1
3754,Lzts3
3755,M6pr
3756,Macf1
3757,Maco1
3758,Macrod1
3759,Macrod2
3760,Mad2l1bp
3761,Mad2l2
3762,Madd
3763,Maea
3764,Maf
3765,Maf1
3766,Mafb
3767,Maff
3768,Mafk
3769,Maged1
3770,Magi1
3771,Magi3
3772,Magix
3773,Magoh
3774,Magohb
3775,Magt1
3776,Maip1
3777,Mak16
3778,Mal2
3779,Malsu1
3780,Mamdc4
3781,Maml1
3782,Man1a
3783,Man1a2
3784,Man1b1
3785,Man2a1
3786,Man2a2
3787,Man2b1
3788,Man2b2
3789,Man2c1
3790,Manba
3791,Manbal
3792,Manea
3793,Manf
3794,Maoa
3795,Maob
3796,Map1lc3a
3797,Map2k1
3798,Map2k2
3799,Map2k3
3800,Map2k4
3801,Map2k5
3802,Map2k7
3803,Map3k1
3804,Map3k10
3805,Map3k11
3806,Map3k13
3807,Map3k2
3808,Map3k20
3809,Map3k4
3810,Map3k5
3811,Map3k7
3812,Map4
3813,Map4k3
3814,Map4k4
3815,Map4k5
3816,Map7
3817,Map7d1
3818,Mapk1
3819,Mapk14
3820,Mapk1ip1
3821,Mapk1ip1l
3822,Mapk3
3823,Mapk6
3824,Mapk8
3825,Mapk9
3826,Mapkap1
3827,Mapkapk2
3828,Mapre1
3829,Mapre2
3830,Mapre3
3831,Marc1
3832,Marc2
3833,March2
3834,March5
3835,March6
3836,March7
3837,March8
3838,Marcks
3839,Marf1
3840,Mark2
3841,Mark3
3842,Mark4
3843,Mars
3844,Marveld1
3845,Marveld2
3846,Masp1
3847,Masp2
3848,Mast2
3849,Mast3
3850,Mast4
3851,Mat1a
3852,Mat2a
3853,Mat2b
3854,Matr3
3855,Mavs
3856,Max
3857,Maz
3858,Mb21d2
3859,Mbd1
3860,Mbd2
3861,Mbd3
3862,Mbd5
3863,Mbd6
3864,Mbl1
3865,Mbl2
3866,Mblac2
3867,Mbnl1
3868,Mbnl2
3869,Mboat7
3870,Mbtd1
3871,Mbtps1
3872,Mbtps2
3873,Mcat
3874,Mcc
3875,Mccc1
3876,Mccc2
3877,Mcee
3878,Mcfd2
3879,Mcl1
3880,Mcm10
3881,Mcm3ap
3882,Mcm6
3883,Mcm7
3884,Mcmbp
3885,Mcoln1
3886,Mcrip1
3887,Mcrip2
3888,Mctp2
3889,Mcts1
3890,Mcu
3891,Mcur1
3892,Mdc1
3893,Mdfic
3894,Mdh1
3895,Mdh2
3896,Mdm2
3897,Mdm4
3898,Mdn1
3899,Me1
3900,Meaf6
3901,Mecp2
3902,Mecr
3903,Med1
3904,Med10
3905,Med11
3906,Med13
3907,Med13l
3908,Med14
3909,Med15
3910,Med16
3911,Med17
3912,Med19
3913,Med20
3914,Med21
3915,Med22
3916,Med25
3917,Med28
3918,Med29
3919,Med30
3920,Med4
3921,Med6
3922,Med7
3923,Med8
3924,Med9
3925,Mef2a
3926,Mef2d
3927,Megf9
3928,Meiob
3929,Memo1
3930,Men1
3931,Mepce
3932,Mertk
3933,Mesd
3934,Met
3935,Metap1
3936,Metap1d
3937,Metap2
3938,Methig1
3939,Mettl1
3940,Mettl13
3941,Mettl16
3942,Mettl17
3943,Mettl21a
3944,Mettl22
3945,Mettl23
3946,Mettl27
3947,Mettl3
3948,Mettl4
3949,Mettl5
3950,Mettl6
3951,Mettl7a1
3952,Mettl7b
3953,Mettl8
3954,Mettl9
3955,Mex3c
3956,Mfap1a
3957,Mfap1b
3958,Mfap3
3959,Mff
3960,Mfhas1
3961,Mfn1
3962,Mfn2
3963,Mfsd1
3964,Mfsd11
3965,Mfsd12
3966,Mfsd14a
3967,Mfsd14b
3968,Mfsd2a
3969,Mfsd3
3970,Mfsd4b1
3971,Mfsd4b3
3972,Mfsd5
3973,Mfsd6
3974,Mfsd8
3975,Mga
3976,Mgam
3977,Mgat1
3978,Mgat2
3979,Mgat4b
3980,Mgat5
3981,Mgea5
3982,Mgll
3983,Mgme1
3984,Mgmt
3985,Mgrn1
3986,Mgst1
3987,Mgst3
3988,Mia2
3989,Mia3
3990,Mib1
3991,Mib2
3992,Mical2
3993,Mical3
3994,Micu1
3995,Micu2
3996,Mid1ip1
3997,Midn
3998,Mief1
3999,Mief2
4000,Mien1
4001,Mier1
4002,Mier3
4003,Mif
4004,Mif4gd
4005,Miga2
4006,Miip
4007,Mindy1
4008,Mindy2
4009,Mindy3
4010,Mink1
4011,Minos1
4012,Minpp1
4013,Mios
4014,Mipep
4015,Mis12
4016,Mitd1
4017,Mkks
4018,Mkln1
4019,Mknk1
4020,Mknk2
4021,Mkrn1
4022,Mkrn2
4023,Mkrn2os
4024,Mlec
4025,Mlf2
4026,Mlh1
4027,Mlh3
4028,Mlkl
4029,Mllt1
4030,Mllt10
4031,Mllt3
4032,Mllt6
4033,Mlx
4034,Mlxipl
4035,Mlycd
4036,Mmaa
4037,Mmab
4038,Mmachc
4039,Mmadhc
4040,Mmd
4041,Mmd2
4042,Mme
4043,Mmgt1
4044,Mmp11
4045,Mmp14
4046,Mmp15
4047,Mmp19
4048,Mms19
4049,Mn1
4050,Mnat1
4051,Mnd1
4052,Mnt
4053,Mob1a
4054,Mob1b
4055,Mob2
4056,Mob3b
4057,Mob3c
4058,Mob4
4059,Mocos
4060,Mocs1
4061,Mocs2
4062,Mocs3
4063,Mogs
4064,Mon1a
4065,Mon1b
4066,Mon2
4067,Morc3
4068,Morf4l1
4069,Morf4l2
4070,Morn2
4071,Mosmo
4072,Mospd1
4073,Mospd2
4074,Mospd3
4075,Mov10
4076,Mpc1
4077,Mpc2
4078,Mpdu1
4079,Mpdz
4080,Mpeg1
4081,Mpg
4082,Mphosph10
4083,Mphosph8
4084,Mpi
4085,Mplkip
4086,Mpnd
4087,Mpp1
4088,Mpp4
4089,Mpp5
4090,Mpp6
4091,Mpp7
4092,Mppe1
4093,Mprip
4094,Mpst
4095,Mpv17
4096,Mpv17l
4097,Mpv17l2
4098,Mpzl2
4099,Mrap
4100,Mreg
4101,Mrfap1
4102,Mrgbp
4103,Mri1
4104,Mrm2
4105,Mrm3
4106,Mrnip
4107,Mroh1
4108,Mroh5
4109,Mrpl1
4110,Mrpl10
4111,Mrpl11
4112,Mrpl12
4113,Mrpl13
4114,Mrpl14
4115,Mrpl15
4116,Mrpl16
4117,Mrpl17
4118,Mrpl18
4119,Mrpl19
4120,Mrpl20
4121,Mrpl21
4122,Mrpl22
4123,Mrpl23
4124,Mrpl24
4125,Mrpl27
4126,Mrpl28
4127,Mrpl3
4128,Mrpl30
4129,Mrpl32
4130,Mrpl33
4131,Mrpl34
4132,Mrpl35
4133,Mrpl36
4134,Mrpl37
4135,Mrpl38
4136,Mrpl39
4137,Mrpl4
4138,Mrpl40
4139,Mrpl41
4140,Mrpl42
4141,Mrpl43
4142,Mrpl44
4143,Mrpl45
4144,Mrpl46
4145,Mrpl47
4146,Mrpl48
4147,Mrpl49
4148,Mrpl50
4149,Mrpl51
4150,Mrpl52
4151,Mrpl54
4152,Mrpl55
4153,Mrpl57
4154,Mrpl58
4155,Mrpl9
4156,Mrps10
4157,Mrps11
4158,Mrps12
4159,Mrps14
4160,Mrps15
4161,Mrps16
4162,Mrps17
4163,Mrps18a
4164,Mrps18b
4165,Mrps18c
4166,Mrps2
4167,Mrps21
4168,Mrps22
4169,Mrps23
4170,Mrps24
4171,Mrps25
4172,Mrps26
4173,Mrps27
4174,Mrps28
4175,Mrps30
4176,Mrps31
4177,Mrps33
4178,Mrps34
4179,Mrps35
4180,Mrps36
4181,Mrps5
4182,Mrps6
4183,Mrps7
4184,Mrps9
4185,Mrrf
4186,Mrs2
4187,Mrtfa
4188,Mrtfb
4189,Mrto4
4190,Msantd4
4191,Msh2
4192,Msh3
4193,Msh6
4194,Msi2
4195,Msl1
4196,Msl2
4197,Msl3
4198,Msmo1
4199,Msra
4200,Msrb1
4201,Msrb2
4202,Msrb3
4203,Mst1
4204,Msto1
4205,Mt1
4206,Mt2
4207,Mta1
4208,Mta2
4209,Mta3
4210,Mtap
4211,Mtch1
4212,Mtch2
4213,Mtcl1
4214,Mtdh
4215,Mterf3
4216,Mterf4
4217,Mtf1
4218,Mtf2
4219,Mtfmt
4220,Mtfp1
4221,Mtfr1
4222,Mtfr1l
4223,Mtg1
4224,Mtg2
4225,Mthfd1
4226,Mthfr
4227,Mthfs
4228,Mthfsd
4229,Mthfsl
4230,Mtif2
4231,Mtif3
4232,Mtln
4233,Mtm1
4234,Mtmr1
4235,Mtmr10
4236,Mtmr11
4237,Mtmr12
4238,Mtmr14
4239,Mtmr2
4240,Mtmr3
4241,Mtmr4
4242,Mtmr6
4243,Mtmr9
4244,Mto1
4245,Mtor
4246,Mtpap
4247,Mtpn
4248,Mtrex
4249,Mtrf1
4250,Mtrf1l
4251,Mtrr
4252,Mtss1
4253,Mttp
4254,Mtus1
4255,Mtx1
4256,Mtx2
4257,Mug1
4258,Mug2
4259,Mul1
4260,Mut
4261,Mvb12a
4262,Mvd
4263,Mvk
4264,Mvp
4265,Mx1
4266,Mxd1
4267,Mxd4
4268,Mxi1
4269,Myadm
4270,Mybbp1a
4271,Myc
4272,Mycbp
4273,Mycbp2
4274,Mydgf
4275,Myef2
4276,Myg1
4277,Myh10
4278,Myh13
4279,Myh14
4280,Myh9
4281,Myl12b
4282,Myl6
4283,Mylk
4284,Mynn
4285,Myo10
4286,Myo18a
4287,Myo1b
4288,Myo1c
4289,Myo1d
4290,Myo1e
4291,Myo5b
4292,Myo6
4293,Myo9b
4294,Myrf
4295,Mysm1
4296,Mzf1
4297,Mzt1
4298,Mzt2
4299,N4bp1
4300,N4bp2
4301,N4bp2l1
4302,N4bp2l2
4303,N6amt1
4304,Naa15
4305,Naa16
4306,Naa20
4307,Naa25
4308,Naa30
4309,Naa35
4310,Naa38
4311,Naa50
4312,Naa60
4313,Naa80
4314,Nab1
4315,Nab2
4316,Nabp1
4317,Nabp2
4318,Naca
4319,Nacc1
4320,Nacc2
4321,Nadk
4322,Nadk2
4323,Nadsyn1
4324,Nae1
4325,Naf1
4326,Naga
4327,Nagk
4328,Naglu
4329,Nagpa
4330,Nags
4331,Nampt
4332,Nans
4333,Nap1l1
4334,Nap1l4
4335,Napa
4336,Napg
4337,Naprt
4338,Narf
4339,Narfl
4340,Nars
4341,Nars2
4342,Nasp
4343,Nat10
4344,Nat2
4345,Nat8
4346,Nat8f1
4347,Nat8f2
4348,Nat8f4
4349,Nat8f6
4350,Nat9
4351,Nav2
4352,Naxd
4353,Naxe
4354,Nbas
4355,Nbeal1
4356,Nbn
4357,Nbr1
4358,Ncald
4359,Ncaph2
4360,Ncbp1
4361,Ncbp2
4362,Ncbp3
4363,Nceh1
4364,Nck1
4365,Nckap1
4366,Ncl
4367,Ncln
4368,Ncoa1
4369,Ncoa2
4370,Ncoa3
4371,Ncoa4
4372,Ncoa5
4373,Ncoa6
4374,Ncor1
4375,Ncor2
4376,Ncstn
4377,Ndc1
4378,Nde1
4379,Ndel1
4380,Ndfip1
4381,Ndfip2
4382,Ndrg1
4383,Ndrg2
4384,Ndrg3
4385,Ndst1
4386,Ndst2
4387,Ndufa1
4388,Ndufa10
4389,Ndufa11
4390,Ndufa12
4391,Ndufa2
4392,Ndufa3
4393,Ndufa4
4394,Ndufa5
4395,Ndufa6
4396,Ndufa7
4397,Ndufa8
4398,Ndufa9
4399,Ndufab1
4400,Ndufaf1
4401,Ndufaf2
4402,Ndufaf3
4403,Ndufaf4
4404,Ndufaf5
4405,Ndufaf6
4406,Ndufaf7
4407,Ndufaf8
4408,Ndufb10
4409,Ndufb11
4410,Ndufb2
4411,Ndufb3
4412,Ndufb4
4413,Ndufb5
4414,Ndufb6
4415,Ndufb7
4416,Ndufb8
4417,Ndufb9
4418,Ndufc1
4419,Ndufc2
4420,Ndufs1
4421,Ndufs2
4422,Ndufs3
4423,Ndufs4
4424,Ndufs5
4425,Ndufs6
4426,Ndufs7
4427,Ndufs8
4428,Ndufv1
4429,Ndufv2
4430,Ndufv3
4431,Neb
4432,Necab1
4433,Necap1
4434,Nectin1
4435,Nectin2
4436,Nectin3
4437,Nedd1
4438,Nedd4
4439,Nedd4l
4440,Nedd8
4441,Nek1
4442,Nek4
4443,Nek6
4444,Nek7
4445,Nek9
4446,Nelfa
4447,Nelfb
4448,Nelfcd
4449,Nelfe
4450,Nemf
4451,Nemp1
4452,Nenf
4453,Net1
4454,Neu1
4455,Nf1
4456,Nf2
4457,Nfat5
4458,Nfatc1
4459,Nfatc3
4460,Nfe2l1
4461,Nfe2l2
4462,Nfia
4463,Nfib
4464,Nfic
4465,Nfil3
4466,Nfix
4467,Nfkb1
4468,Nfkb2
4469,Nfkbia
4470,Nfkbib
4471,Nfkbie
4472,Nfkbiz
4473,Nfu1
4474,Nfx1
4475,Nfxl1
4476,Nfyb
4477,Nfyc
4478,Ngdn
4479,Ngef
4480,Ngly1
4481,Ngrn
4482,Nhlrc2
4483,Nhlrc3
4484,Nhp2
4485,Nhsl1
4486,Nicn1
4487,Nid1
4488,Nif3l1
4489,Nifk
4490,Ninj1
4491,Ninl
4492,Nip7
4493,Nipa2
4494,Nipal1
4495,Nipbl
4496,Nipsnap1
4497,Nipsnap2
4498,Nipsnap3b
4499,Nisch
4500,Nit1
4501,Nit2
4502,Nkap
4503,Nkapd1
4504,Nkiras1
4505,Nkiras2
4506,Nktr
4507,Nlk
4508,Nln
4509,Nlrc4
4510,Nlrc5
4511,Nlrp12
4512,Nlrp4e
4513,Nlrp6
4514,Nmd3
4515,Nme2
4516,Nme6
4517,Nmi
4518,Nmnat1
4519,Nmnat3
4520,Nmral1
4521,Nmrk1
4522,Nmt2
4523,Nnmt
4524,Nnt
4525,Noa1
4526,Nob1
4527,Noc2l
4528,Noc3l
4529,Noc4l
4530,Noct
4531,Nol11
4532,Nol12
4533,Nol6
4534,Nol7
4535,Nol8
4536,Nol9
4537,Nolc1
4538,Nom1
4539,Nomo1
4540,Nono
4541,Nop10
4542,Nop14
4543,Nop16
4544,Nop2
4545,Nop53
4546,Nop56
4547,Nop58
4548,Nop9
4549,Nosip
4550,Nostrin
4551,Notch1
4552,Notch2
4553,Notum
4554,Nova1
4555,Npas2
4556,Npat
4557,Npc1
4558,Npc2
4559,Npepl1
4560,Npepps
4561,Nploc4
4562,Npm1
4563,Npm2
4564,Npm3
4565,Npr2
4566,Nprl2
4567,Nprl3
4568,Nptn
4569,Nqo1
4570,Nqo2
4571,Nr0b2
4572,Nr1d1
4573,Nr1d2
4574,Nr1h2
4575,Nr1h3
4576,Nr1h4
4577,Nr1i2
4578,Nr1i3
4579,Nr2c1
4580,Nr2c2
4581,Nr2c2ap
4582,Nr2f2
4583,Nr2f6
4584,Nr3c1
4585,Nr3c2
4586,Nr4a1
4587,Nr5a2
4588,Nr6a1
4589,Nras
4590,Nrbf2
4591,Nrbp1
4592,Nrbp2
4593,Nrd1
4594,Nrep
4595,Nrf1
4596,Nrg4
4597,Nrip1
4598,Nrn1
4599,Nrp1
4600,Nrp2
4601,Nrxn3
4602,Nsa2
4603,Nsd1
4604,Nsd2
4605,Nsd3
4606,Nsdhl
4607,Nsf
4608,Nsfl1c
4609,Nsmaf
4610,Nsmce1
4611,Nsmce2
4612,Nsmf
4613,Nsrp1
4614,Nsun2
4615,Nsun3
4616,Nsun4
4617,Nsun5
4618,Nt5c
4619,Nt5c2
4620,Nt5c3
4621,Nt5dc1
4622,Nt5e
4623,Nt5m
4624,Ntan1
4625,Ntmt1
4626,Ntpcr
4627,Nuak2
4628,Nub1
4629,Nubp1
4630,Nubp2
4631,Nubpl
4632,Nucb1
4633,Nucb2
4634,Nucks1
4635,Nudc
4636,Nudcd1
4637,Nudcd2
4638,Nudcd3
4639,Nudt1
4640,Nudt12
4641,Nudt13
4642,Nudt14
4643,Nudt16
4644,Nudt16l1
4645,Nudt18
4646,Nudt19
4647,Nudt2
4648,Nudt21
4649,Nudt22
4650,Nudt3
4651,Nudt4
4652,Nudt5
4653,Nudt6
4654,Nudt7
4655,Nudt8
4656,Nudt9
4657,Nufip1
4658,Nufip2
4659,Numa1
4660,Numb
4661,Nup133
4662,Nup153
4663,Nup155
4664,Nup205
4665,Nup210
4666,Nup210l
4667,Nup214
4668,Nup37
4669,Nup50
4670,Nup54
4671,Nup62
4672,Nup85
4673,Nup88
4674,Nup93
4675,Nup98
4676,Nupl1
4677,Nus1
4678,Nutf2
4679,Nutf2-ps1
4680,Nvl
4681,Nxf1
4682,Nxpe2
4683,Nxt1
4684,Nxt2
4685,Oaf
4686,Oard1
4687,Oas1g
4688,Oasl1
4689,Oasl2
4690,Oaz1
4691,Oaz2
4692,Ocel1
4693,Ociad1
4694,Ociad2
4695,Ocln
4696,Odc1
4697,Odf2l
4698,Odf3b
4699,Odr4
4700,Ogdh
4701,Ogfod1
4702,Ogfod2
4703,Ogfr
4704,Ogfrl1
4705,Ogt
4706,Ola1
4707,Olfr1033
4708,Olfr275
4709,Olfr482
4710,Olfr56
4711,Olfr66
4712,Oma1
4713,Onecut2
4714,Opa1
4715,Opa3
4716,Ophn1
4717,Oplah
4718,Optn
4719,Orai1
4720,Orai3
4721,Orc3
4722,Orc4
4723,Orc5
4724,Orm1
4725,Orm2
4726,Orm3
4727,Ormdl1
4728,Ormdl2
4729,Ormdl3
4730,Os9
4731,Osbp
4732,Osbpl11
4733,Osbpl1a
4734,Osbpl2
4735,Osbpl8
4736,Osbpl9
4737,Osgep
4738,Osgepl1
4739,Osgin1
4740,Ost4
4741,Ostc
4742,Ostf1
4743,Ostm1
4744,Otc
4745,Otub1
4746,Otud1
4747,Otud4
4748,Otud5
4749,Otud6b
4750,Otud7a
4751,Otud7b
4752,Otulin
4753,Ovca2
4754,Oxa1l
4755,Oxld1
4756,Oxnad1
4757,Oxr1
4758,Oxsm
4759,P2rx4
4760,P2ry2
4761,P3h1
4762,P4ha1
4763,P4hb
4764,Pa2g4
4765,Pabpc1
4766,Pabpc4
4767,Pacs2
4768,Pacsin2
4769,Pacsin3
4770,Paf1
4771,Pafah1b1
4772,Pafah1b2
4773,Pafah2
4774,Pagr1b
4775,Pah
4776,Paics
4777,Paip1
4778,Paip2
4779,Pak1ip1
4780,Pak2
4781,Palld
4782,Palmd
4783,Pam
4784,Pam16
4785,Pan2
4786,Pan3
4787,Pank1
4788,Pank2
4789,Pank3
4790,Paox
4791,Papola
4792,Papss1
4793,Papss2
4794,Paqr7
4795,Paqr9
4796,Pard3
4797,Pard6b
4798,Parg
4799,Park7
4800,Parl
4801,Parn
4802,Parp1
4803,Parp10
4804,Parp11
4805,Parp12
4806,Parp14
4807,Parp16
4808,Parp2
4809,Parp3
4810,Parp4
4811,Parp6
4812,Parp9
4813,Parva
4814,Patl1
4815,Pawr
4816,Paxbp1
4817,Paxip1
4818,Paxx
4819,Pbdc1
4820,Pbld1
4821,Pbld2
4822,Pbrm1
4823,Pbx1
4824,Pbx2
4825,Pbxip1
4826,Pcbd1
4827,Pcbd2
4828,Pcbp1
4829,Pcbp2
4830,Pcbp4
4831,Pcca
4832,Pccb
4833,Pcdh1
4834,Pced1a
4835,Pcf11
4836,Pcgf3
4837,Pcgf5
4838,Pcgf6
4839,Pcid2
4840,Pcif1
4841,Pck1
4842,Pcm1
4843,Pcmt1
4844,Pcmtd1
4845,Pcmtd2
4846,Pcna
4847,Pcnp
4848,Pcnt
4849,Pcnx
4850,Pcnx3
4851,Pcnx4
4852,Pcp4l1
4853,Pcsk4
4854,Pcsk5
4855,Pcsk6
4856,Pcsk7
4857,Pcsk9
4858,Pctp
4859,Pcx
4860,Pcyox1
4861,Pcyt1a
4862,Pcyt2
4863,Pdap1
4864,Pdcd10
4865,Pdcd11
4866,Pdcd2
4867,Pdcd2l
4868,Pdcd4
4869,Pdcd5
4870,Pdcd6
4871,Pdcd6ip
4872,Pdcd7
4873,Pdcl
4874,Pdcl3
4875,Pde12
4876,Pde3b
4877,Pde4b
4878,Pde4d
4879,Pde4dip
4880,Pde6a
4881,Pde6d
4882,Pde8a
4883,Pde9a
4884,Pdf
4885,Pdgfa
4886,Pdha1
4887,Pdhb
4888,Pdhx
4889,Pdia3
4890,Pdia4
4891,Pdia5
4892,Pdia6
4893,Pdik1l
4894,Pdilt
4895,Pdk1
4896,Pdk2
4897,Pdk4
4898,Pdlim1
4899,Pdlim5
4900,Pdp2
4901,Pdpk1
4902,Pdrg1
4903,Pds5a
4904,Pds5b
4905,Pdss2
4906,Pdxdc1
4907,Pdxk
4908,Pdzd11
4909,Pdzd8
4910,Pdzk1
4911,Pdzk1ip1
4912,Pdzrn3
4913,Peak1
4914,Pebp1
4915,Pecam1
4916,Pecr
4917,Pef1
4918,Peli1
4919,Peli2
4920,Pelp1
4921,Pemt
4922,Pepd
4923,Per1
4924,Perp
4925,Pes1
4926,Pet100
4927,Pex1
4928,Pex11a
4929,Pex11b
4930,Pex11g
4931,Pex12
4932,Pex13
4933,Pex14
4934,Pex16
4935,Pex19
4936,Pex2
4937,Pex26
4938,Pex3
4939,Pex5
4940,Pex7
4941,Pfdn1
4942,Pfdn2
4943,Pfdn4
4944,Pfdn5
4945,Pfdn6
4946,Pfkfb1
4947,Pfkfb3
4948,Pfkl
4949,Pfn1
4950,Pgam1
4951,Pgam5
4952,Pgap1
4953,Pgap2
4954,Pgd
4955,Pgghg
4956,Pggt1b
4957,Pgk1
4958,Pgls
4959,Pglyrp2
4960,Pglyrp3
4961,Pgm1
4962,Pgm2
4963,Pgm3
4964,Pgp
4965,Pgpep1
4966,Pgrmc1
4967,Pgrmc2
4968,Pgs1
4969,Phactr4
4970,Phax
4971,Phb
4972,Phb2
4973,Phc2
4974,Phc3
4975,Pheta1
4976,Phf10
4977,Phf11d
4978,Phf12
4979,Phf14
4980,Phf2
4981,Phf20
4982,Phf20l1
4983,Phf21a
4984,Phf23
4985,Phf3
4986,Phf5a
4987,Phf6
4988,Phf7
4989,Phf8
4990,Phip
4991,Phka2
4992,Phkb
4993,Phkg1
4994,Phkg2
4995,Phlda1
4996,Phldb2
4997,Phlpp1
4998,Phospho2
4999,Phrf1
5000,Phyh
5001,Phykpl
5002,Pi4k2a
5003,Pi4k2b
5004,Pi4ka
5005,Pi4kb
5006,Pias1
5007,Pias2
5008,Pias4
5009,Picalm
5010,Pid1
5011,Pigc
5012,Pigh
5013,Pigk
5014,Pigm
5015,Pigo
5016,Pigp
5017,Pigq
5018,Pigr
5019,Pigs
5020,Pigu
5021,Pigx
5022,Pigyl
5023,Pih1d1
5024,Pik3ap1
5025,Pik3c2a
5026,Pik3c3
5027,Pik3ca
5028,Pik3cb
5029,Pik3r1
5030,Pik3r2
5031,Pik3r4
5032,Pikfyve
5033,Pim1
5034,Pim3
5035,Pin1
5036,Pin4
5037,Pink1
5038,Pinx1
5039,Pip4k2b
5040,Pip4k2c
5041,Pip4p1
5042,Pip4p2
5043,Pip5k1a
5044,Pip5k1b
5045,Pip5k1c
5046,Pipox
5047,Pir
5048,Pisd
5049,Pithd1
5050,Pitpna
5051,Pitpnb
5052,Pitpnc1
5053,Pitpnm2
5054,Pitrm1
5055,Pja1
5056,Pja2
5057,Pkd1
5058,Pkdcc
5059,Pkhd1
5060,Pkig
5061,Pklr
5062,Pkn1
5063,Pkn2
5064,Pknox1
5065,Pkp2
5066,Pkp4
5067,Pla1a
5068,Pla2g12a
5069,Pla2g12b
5070,Pla2g15
5071,Pla2g16
5072,Pla2g6
5073,Plaa
5074,Plac8
5075,Plbd1
5076,Plbd2
5077,Plcb1
5078,Plce1
5079,Plcg1
5080,Plcl2
5081,Plcxd2
5082,Pld1
5083,Pld3
5084,Pld5
5085,Plec
5086,Plekha1
5087,Plekha3
5088,Plekha5
5089,Plekha6
5090,Plekha8
5091,Plekhb1
5092,Plekhb2
5093,Plekhf1
5094,Plekhf2
5095,Plekhg2
5096,Plekhg3
5097,Plekhg6
5098,Plekhh3
5099,Plekhj1
5100,Plekhm1
5101,Plg
5102,Plin2
5103,Plin3
5104,Plin5
5105,Plk2
5106,Plk3
5107,Pllp
5108,Plod1
5109,Plod3
5110,Plpbp
5111,Plpp2
5112,Plpp3
5113,Plpp5
5114,Plpp6
5115,Plrg1
5116,Pls3
5117,Plscr1
5118,Plscr2
5119,Pltp
5120,Plxna2
5121,Plxnb1
5122,Plxnb2
5123,Pm20d1
5124,Pmf1
5125,Pml
5126,Pmm2
5127,Pmpca
5128,Pmpcb
5129,Pmvk
5130,Pnisr
5131,Pnkd
5132,Pnkp
5133,Pnma3
5134,Pnn
5135,Pno1
5136,Pnp
5137,Pnpla2
5138,Pnpla7
5139,Pnpla8
5140,Pnpo
5141,Pnpt1
5142,Pnrc1
5143,Pnrc2
5144,Poc1b
5145,Podn
5146,Pofut1
5147,Pofut2
5148,Poglut1
5149,Pogz
5150,Polb
5151,Pold2
5152,Pold3
5153,Poldip2
5154,Poldip3
5155,Pole3
5156,Pole4
5157,Polg
5158,Polg2
5159,Polr1a
5160,Polr1b
5161,Polr1c
5162,Polr1d
5163,Polr2a
5164,Polr2b
5165,Polr2c
5166,Polr2e
5167,Polr2f
5168,Polr2g
5169,Polr2h
5170,Polr2i
5171,Polr2j
5172,Polr2k
5173,Polr2l
5174,Polr2m
5175,Polr3a
5176,Polr3b
5177,Polr3c
5178,Polr3d
5179,Polr3e
5180,Polr3f
5181,Polr3g
5182,Polr3gl
5183,Polr3h
5184,Polr3k
5185,Polrmt
5186,Pom121
5187,Pomgnt1
5188,Pomk
5189,Pomp
5190,Pomt1
5191,Pomt2
5192,Pon1
5193,Pon2
5194,Pon3
5195,Pop4
5196,Pop5
5197,Por
5198,Pou2f1
5199,Ppa1
5200,Ppa2
5201,Ppan
5202,Ppara
5203,Ppard
5204,Pparg
5205,Ppargc1a
5206,Ppargc1b
5207,Ppat
5208,Ppcdc
5209,Ppcs
5210,Ppdpf
5211,Ppfia1
5212,Ppfibp1
5213,Ppfibp2
5214,Pphln1
5215,Ppia
5216,Ppib
5217,Ppid
5218,Ppie
5219,Ppif
5220,Ppig
5221,Ppih
5222,Ppil1
5223,Ppil2
5224,Ppil3
5225,Ppil4
5226,Ppip5k2
5227,Ppl
5228,Ppm1a
5229,Ppm1b
5230,Ppm1d
5231,Ppm1f
5232,Ppm1g
5233,Ppm1k
5234,Ppm1l
5235,Ppm1m
5236,Ppme1
5237,Ppox
5238,Ppp1ca
5239,Ppp1cb
5240,Ppp1cc
5241,Ppp1r10
5242,Ppp1r11
5243,Ppp1r12a
5244,Ppp1r12c
5245,Ppp1r13b
5246,Ppp1r14b
5247,Ppp1r15a
5248,Ppp1r15b
5249,Ppp1r16a
5250,Ppp1r1b
5251,Ppp1r2
5252,Ppp1r21
5253,Ppp1r37
5254,Ppp1r3b
5255,Ppp1r3c
5256,Ppp1r3g
5257,Ppp1r7
5258,Ppp2ca
5259,Ppp2cb
5260,Ppp2r1a
5261,Ppp2r1b
5262,Ppp2r2a
5263,Ppp2r2d
5264,Ppp2r3a
5265,Ppp2r3c
5266,Ppp2r5a
5267,Ppp2r5c
5268,Ppp2r5d
5269,Ppp2r5e
5270,Ppp3ca
5271,Ppp3cb
5272,Ppp3r1
5273,Ppp4c
5274,Ppp4r1
5275,Ppp4r2
5276,Ppp4r3a
5277,Ppp4r3b
5278,Ppp5c
5279,Ppp6c
5280,Ppp6r1
5281,Ppp6r2
5282,Ppp6r3
5283,Pprc1
5284,Ppt1
5285,Pptc7
5286,Ppwd1
5287,Pqbp1
5288,Pqlc1
5289,Pqlc2
5290,Pradc1
5291,Prdm2
5292,Prdx1
5293,Prdx2
5294,Prdx3
5295,Prdx4
5296,Prdx5
5297,Prdx6
5298,Preb
5299,Prelid1
5300,Prelid3b
5301,Prep
5302,Prepl
5303,Prg4
5304,Prickle2
5305,Prim1
5306,Prkaa1
5307,Prkaa2
5308,Prkab1
5309,Prkaca
5310,Prkacb
5311,Prkag1
5312,Prkag2
5313,Prkar1a
5314,Prkar2a
5315,Prkca
5316,Prkcb
5317,Prkce
5318,Prkci
5319,Prkcsh
5320,Prkcz
5321,Prkd3
5322,Prkra
5323,Prkrip1
5324,Prlr
5325,Prmt3
5326,Prmt5
5327,Prmt7
5328,Prmt9
5329,Prnp
5330,Proc
5331,Prodh
5332,Prodh2
5333,Prom1
5334,Prorsd1
5335,Pros1
5336,Proser2
5337,Prox1
5338,Proz
5339,Prpf18
5340,Prpf19
5341,Prpf31
5342,Prpf38a
5343,Prpf38b
5344,Prpf39
5345,Prpf4
5346,Prpf40a
5347,Prpf4b
5348,Prpf6
5349,Prpf8
5350,Prps1
5351,Prps1l3
5352,Prps2
5353,Prpsap1
5354,Prpsap2
5355,Prr12
5356,Prr13
5357,Prr14
5358,Prr16
5359,Prrc1
5360,Prrc2a
5361,Prrc2b
5362,Prrc2c
5363,Prrg2
5364,Prss36
5365,Prss8
5366,Prtn3
5367,Prune1
5368,Psap
5369,Psd3
5370,Psen1
5371,Psen2
5372,Psenen
5373,Psip1
5374,Pskh1
5375,Psma1
5376,Psma2
5377,Psma3
5378,Psma4
5379,Psma5
5380,Psma6
5381,Psma7
5382,Psmb1
5383,Psmb10
5384,Psmb2
5385,Psmb3
5386,Psmb4
5387,Psmb5
5388,Psmb6
5389,Psmb7
5390,Psmb8
5391,Psmb9
5392,Psmc1
5393,Psmc2
5394,Psmc3
5395,Psmc4
5396,Psmc5
5397,Psmc6
5398,Psmd1
5399,Psmd10
5400,Psmd11
5401,Psmd12
5402,Psmd13
5403,Psmd14
5404,Psmd2
5405,Psmd3
5406,Psmd4
5407,Psmd5
5408,Psmd6
5409,Psmd7
5410,Psmd8
5411,Psmd9
5412,Psme1
5413,Psme2
5414,Psme3
5415,Psme4
5416,Psmf1
5417,Psmg1
5418,Psmg2
5419,Psmg4
5420,Psph
5421,Pstk
5422,Pstpip2
5423,Ptar1
5424,Ptbp1
5425,Ptbp3
5426,Ptcd2
5427,Ptch1
5428,Ptdss1
5429,Ptdss2
5430,Pten
5431,Pter
5432,Ptgds
5433,Ptges2
5434,Ptges3
5435,Ptgr2
5436,Ptk2
5437,Ptk2b
5438,Ptma
5439,Ptms
5440,Ptov1
5441,Ptp4a1
5442,Ptp4a2
5443,Ptpa
5444,Ptpn1
5445,Ptpn11
5446,Ptpn12
5447,Ptpn2
5448,Ptpn21
5449,Ptpn23
5450,Ptpn3
5451,Ptpn6
5452,Ptpn9
5453,Ptpra
5454,Ptprd
5455,Ptprf
5456,Ptprg
5457,Ptprj
5458,Ptprk
5459,Ptrh2
5460,Ptrhd1
5461,Pts
5462,Pttg1
5463,Pttg1ip
5464,Puf60
5465,Pum1
5466,Pum2
5467,Pum3
5468,Pura
5469,Purb
5470,Pus1
5471,Pus10
5472,Pus3
5473,Pus7
5474,Pusl1
5475,Pvr
5476,Pwp1
5477,Pwp2
5478,Pwwp2a
5479,Pxdc1
5480,Pxk
5481,Pxmp2
5482,Pxmp4
5483,Pxn
5484,Pycr2
5485,Pycrl
5486,Pygl
5487,Pygo2
5488,Pyroxd1
5489,Pyroxd2
5490,Pzp
5491,Qars
5492,Qdpr
5493,Qk
5494,Qpct
5495,Qpctl
5496,Qprt
5497,Qrich1
5498,Qser1
5499,Qsox1
5500,R3hcc1
5501,R3hcc1l
5502,R3hdm1
5503,R3hdm2
5504,R3hdm4
5505,Rab10
5506,Rab11a
5507,Rab11b
5508,Rab11fip2
5509,Rab11fip3
5510,Rab12
5511,Rab13
5512,Rab14
5513,Rab17
5514,Rab18
5515,Rab1a
5516,Rab1b
5517,Rab20
5518,Rab21
5519,Rab22a
5520,Rab23
5521,Rab24
5522,Rab28
5523,Rab29
5524,Rab2a
5525,Rab30
5526,Rab32
5527,Rab33b
5528,Rab35
5529,Rab39
5530,Rab3d
5531,Rab3gap1
5532,Rab3gap2
5533,Rab3ip
5534,Rab40c
5535,Rab43
5536,Rab4b
5537,Rab5a
5538,Rab5b
5539,Rab5c
5540,Rab5if
5541,Rab6a
5542,Rab7
5543,Rab8a
5544,Rab9
5545,Rabac1
5546,Rabep1
5547,Rabep2
5548,Rabepk
5549,Rabgap1
5550,Rabgap1l
5551,Rabgef1
5552,Rabggta
5553,Rabggtb
5554,Rabif
5555,Rabl3
5556,Rabl6
5557,Rac1
5558,Rack1
5559,Rad17
5560,Rad21
5561,Rad23a
5562,Rad23b
5563,Rad50
5564,Rad51b
5565,Rad51d
5566,Rad52
5567,Rad54l2
5568,Rae1
5569,Raet1e
5570,Raf1
5571,Rai1
5572,Rai14
5573,Rala
5574,Ralb
5575,Ralbp1
5576,Ralgapa2
5577,Ralgapb
5578,Ralgds
5579,Ralgps2
5580,Raly
5581,Ramac
5582,Ramp2
5583,Ran
5584,Ranbp1
5585,Ranbp10
5586,Ranbp2
5587,Ranbp3
5588,Ranbp6
5589,Ranbp9
5590,Rangap1
5591,Rap1a
5592,Rap1b
5593,Rap1gds1
5594,Rap2a
5595,Rap2c
5596,Rapgef1
5597,Rapgef2
5598,Rapgef4
5599,Rapgef6
5600,Raph1
5601,Rara
5602,Rarres1
5603,Rarres2
5604,Rars
5605,Rars2
5606,Rasa1
5607,Rasa3
5608,Rasgef1b
5609,Rasgrp2
5610,Rassf1
5611,Rassf3
5612,Rassf5
5613,Rassf6
5614,Rassf7
5615,Rassf8
5616,Rb1cc1
5617,Rbbp4
5618,Rbbp5
5619,Rbbp6
5620,Rbbp7
5621,Rbbp8
5622,Rbbp9
5623,Rbck1
5624,Rbfa
5625,Rbfox2
5626,Rbks
5627,Rbl2
5628,Rbm10
5629,Rbm15
5630,Rbm17
5631,Rbm18
5632,Rbm19
5633,Rbm22
5634,Rbm25
5635,Rbm26
5636,Rbm27
5637,Rbm28
5638,Rbm3
5639,Rbm33
5640,Rbm34
5641,Rbm39
5642,Rbm42
5643,Rbm43
5644,Rbm47
5645,Rbm48
5646,Rbm4b
5647,Rbm5
5648,Rbm6
5649,Rbm7
5650,Rbm8a
5651,Rbms1
5652,Rbms2
5653,Rbmx
5654,Rbmxl1
5655,Rbp1
5656,Rbp4
5657,Rbpj
5658,Rbpms
5659,Rbpms2
5660,Rbsn
5661,Rbx1
5662,Rc3h1
5663,Rc3h2
5664,Rcan1
5665,Rcan2
5666,Rcbtb1
5667,Rcbtb2
5668,Rcc1
5669,Rcc1l
5670,Rcc2
5671,Rce1
5672,Rchy1
5673,Rcl1
5674,Rcn2
5675,Rcor1
5676,Rdh10
5677,Rdh11
5678,Rdh14
5679,Rdh16
5680,Rdh16f1
5681,Rdh16f2
5682,Rdh5
5683,Rdh7
5684,Rdm1
5685,Rdx
5686,Reep3
5687,Reep4
5688,Reep5
5689,Reep6
5690,Rel
5691,Rela
5692,Relb
5693,Relch
5694,Rell1
5695,Reps1
5696,Reps2
5697,Rer1
5698,Rere
5699,Resf1
5700,Rest
5701,Retreg1
5702,Retreg2
5703,Retreg3
5704,Retsat
5705,Rev3l
5706,Rex1bd
5707,Rexo1
5708,Rexo2
5709,Rexo4
5710,Rfc1
5711,Rfc2
5712,Rfc3
5713,Rfc5
5714,Rfesd
5715,Rffl
5716,Rfk
5717,Rfng
5718,Rft1
5719,Rfwd3
5720,Rfx1
5721,Rfx5
5722,Rfx7
5723,Rfxank
5724,Rfxap
5725,Rgl3
5726,Rgn
5727,Rgp1
5728,Rgs12
5729,Rgs16
5730,Rgs22
5731,Rhbdd1
5732,Rhbdd2
5733,Rhbdd3
5734,Rhbdf2
5735,Rhbg
5736,Rheb
5737,Rhoa
5738,Rhob
5739,Rhobtb1
5740,Rhobtb3
5741,Rhoc
5742,Rhod
5743,Rhog
5744,Rhoq
5745,Rhot1
5746,Rhpn2
5747,Ric1
5748,Ric8a
5749,Ric8b
5750,Rictor
5751,Rida
5752,Rif1
5753,Rilp
5754,Rilpl2
5755,Rin2
5756,Rin3
5757,Ring1
5758,Rint1
5759,Riok1
5760,Riok2
5761,Riok3
5762,Riox1
5763,Riox2
5764,Ripk1
5765,Ripk2
5766,Rit1
5767,Rlf
5768,Rlim
5769,Rmc1
5770,Rmdn1
5771,Rmdn2
5772,Rmdn3
5773,Rmi1
5774,Rmnd1
5775,Rmnd5a
5776,Rmnd5b
5777,Rnase4
5778,Rnaseh2a
5779,Rnaseh2b
5780,Rnaseh2c
5781,Rnaset2b
5782,Rnd1
5783,Rnd2
5784,Rnd3
5785,Rnf10
5786,Rnf103
5787,Rnf11
5788,Rnf111
5789,Rnf114
5790,Rnf115
5791,Rnf121
5792,Rnf123
5793,Rnf125
5794,Rnf126
5795,Rnf128
5796,Rnf13
5797,Rnf130
5798,Rnf135
5799,Rnf138
5800,Rnf139
5801,Rnf14
5802,Rnf141
5803,Rnf144a
5804,Rnf144b
5805,Rnf145
5806,Rnf146
5807,Rnf152
5808,Rnf166
5809,Rnf167
5810,Rnf168
5811,Rnf169
5812,Rnf170
5813,Rnf181
5814,Rnf185
5815,Rnf186
5816,Rnf187
5817,Rnf19a
5818,Rnf19b
5819,Rnf2
5820,Rnf20
5821,Rnf213
5822,Rnf214
5823,Rnf215
5824,Rnf216
5825,Rnf217
5826,Rnf220
5827,Rnf24
5828,Rnf31
5829,Rnf34
5830,Rnf4
5831,Rnf40
5832,Rnf43
5833,Rnf44
5834,Rnf5
5835,Rnf6
5836,Rnf7
5837,Rnft1
5838,Rngtt
5839,Rnh1
5840,Rnmt
5841,Rnpc3
5842,Rnpep
5843,Rnpepl1
5844,Rnps1
5845,Robo1
5846,Rock1
5847,Rock2
5848,Rogdi
5849,Romo1
5850,Ropn1l
5851,Rora
5852,Rorc
5853,Rp2
5854,Rp9
5855,Rpa1
5856,Rpa2
5857,Rpa3
5858,Rpain
5859,Rpap1
5860,Rpap2
5861,Rpap3
5862,Rpe
5863,Rpf1
5864,Rpf2
5865,Rpl10
5866,Rpl10-ps3
5867,Rpl10a
5868,Rpl11
5869,Rpl12
5870,Rpl13a
5871,Rpl14
5872,Rpl15
5873,Rpl17
5874,Rpl18
5875,Rpl18a
5876,Rpl19
5877,Rpl21
5878,Rpl22
5879,Rpl22l1
5880,Rpl23
5881,Rpl23a
5882,Rpl24
5883,Rpl26
5884,Rpl27
5885,Rpl27a
5886,Rpl28
5887,Rpl29
5888,Rpl3
5889,Rpl30
5890,Rpl31
5891,Rpl32
5892,Rpl34
5893,Rpl35
5894,Rpl35a
5895,Rpl36
5896,Rpl36a
5897,Rpl36a-ps1
5898,Rpl36al
5899,Rpl37
5900,Rpl37a
5901,Rpl38
5902,Rpl39
5903,Rpl4
5904,Rpl41
5905,Rpl5
5906,Rpl6
5907,Rpl7
5908,Rpl7a
5909,Rpl7l1
5910,Rpl8
5911,Rpl9
5912,Rpl9-ps6
5913,Rplp0
5914,Rplp1
5915,Rplp2
5916,Rpn1
5917,Rpn2
5918,Rpp14
5919,Rpp21
5920,Rpp25l
5921,Rpp30
5922,Rpp38
5923,Rpp40
5924,Rprd1a
5925,Rprd1b
5926,Rprd2
5927,Rps11
5928,Rps12
5929,Rps13
5930,Rps14
5931,Rps15
5932,Rps15a
5933,Rps16
5934,Rps17
5935,Rps18
5936,Rps19
5937,Rps19bp1
5938,Rps2
5939,Rps20
5940,Rps21
5941,Rps23
5942,Rps24
5943,Rps25
5944,Rps26
5945,Rps27
5946,Rps27a
5947,Rps27l
5948,Rps27rt
5949,Rps28
5950,Rps29
5951,Rps3
5952,Rps3a1
5953,Rps4x
5954,Rps5
5955,Rps6
5956,Rps6ka1
5957,Rps6ka3
5958,Rps6kb1
5959,Rps6kb2
5960,Rps6kc1
5961,Rps7
5962,Rps8
5963,Rps9
5964,Rpsa
5965,Rptor
5966,Rpusd3
5967,Rraga
5968,Rragc
5969,Rras
5970,Rras2
5971,Rrbp1
5972,Rreb1
5973,Rrm1
5974,Rrm2
5975,Rrm2b
5976,Rrn3
5977,Rrp1
5978,Rrp15
5979,Rrp36
5980,Rrp7a
5981,Rrp8
5982,Rrp9
5983,Rrs1
5984,Rsad1
5985,Rsad2
5986,Rsbn1l
5987,Rsf1
5988,Rsl1d1
5989,Rsl24d1
5990,Rsph3a
5991,Rsph3b
5992,Rspry1
5993,Rsrc1
5994,Rsrc2
5995,Rsrp1
5996,Rsu1
5997,Rtca
5998,Rtcb
5999,Rtf1
6000,Rtf2
6001,Rtkn
6002,Rtl8a
6003,Rtl8b
6004,Rtn3
6005,Rtn4
6006,Rtn4ip1
6007,Rtn4rl1
6008,Rtp3
6009,Rtp4
6010,Rtraf
6011,Rubcn
6012,Rufy1
6013,Rufy3
6014,Rundc1
6015,Rusc2
6016,Ruvbl1
6017,Ruvbl2
6018,Rwdd1
6019,Rwdd2b
6020,Rwdd4a
6021,Rxra
6022,Rxrb
6023,Rxrg
6024,Rxylt1
6025,Ryk
6026,S100a1
6027,S100a10
6028,S100a11
6029,S100a13
6030,S100a16
6031,S100pbp
6032,S1pr1
6033,S1pr2
6034,Saa1
6035,Saa2
6036,Saa3
6037,Saa4
6038,Sac3d1
6039,Sacm1l
6040,Sae1
6041,Safb
6042,Safb2
6043,Sall1
6044,Samd1
6045,Samd4
6046,Samd4b
6047,Samd8
6048,Samd9l
6049,Samhd1
6050,Samm50
6051,Sap130
6052,Sap18
6053,Sap18b
6054,Sap30bp
6055,Sap30l
6056,Sar1a
6057,Sar1b
6058,Saraf
6059,Sardh
6060,Sarnp
6061,Sars
6062,Sars2
6063,Sart1
6064,Sart3
6065,Sash1
6066,Sat1
6067,Sat2
6068,Sav1
6069,Saysd1
6070,Sbds
6071,Sbf1
6072,Sbf2
6073,Sbk1
6074,Sbno1
6075,Sbno2
6076,Sc5d
6077,Scaf1
6078,Scaf11
6079,Scaf4
6080,Scaf8
6081,Scamp1
6082,Scamp2
6083,Scamp3
6084,Scamp4
6085,Scamp5
6086,Scand1
6087,Scap
6088,Scaper
6089,Scarb1
6090,Scarb2
6091,Scd1
6092,Scfd1
6093,Scfd2
6094,Scly
6095,Scmh1
6096,Scnm1
6097,Scnn1a
6098,Sco1
6099,Sco2
6100,Scoc
6101,Scp2
6102,Scpep1
6103,Scrib
6104,Scrn2
6105,Scrn3
6106,Scyl1
6107,Scyl2
6108,Scyl3
6109,Sdad1
6110,Sdc1
6111,Sdc2
6112,Sdc4
6113,Sdcbp
6114,Sdccag8
6115,Sde2
6116,Sdf2
6117,Sdf2l1
6118,Sdf4
6119,Sdha
6120,Sdhaf1
6121,Sdhaf2
6122,Sdhaf3
6123,Sdhaf4
6124,Sdhb
6125,Sdhc
6126,Sdhd
6127,Sdr39u1
6128,Sdr42e1
6129,Sdr9c7
6130,Sds
6131,Sdsl
6132,Sec11a
6133,Sec11c
6134,Sec13
6135,Sec14l1
6136,Sec14l2
6137,Sec14l4
6138,Sec16a
6139,Sec16b
6140,Sec22a
6141,Sec22b
6142,Sec22c
6143,Sec23a
6144,Sec23b
6145,Sec23ip
6146,Sec24a
6147,Sec24b
6148,Sec24c
6149,Sec24d
6150,Sec31a
6151,Sec61a1
6152,Sec61b
6153,Sec61g
6154,Sec62
6155,Sec63
6156,Secisbp2
6157,Secisbp2l
6158,Seh1l
6159,Sel1l
6160,Sel1l3
6161,Selenbp1
6162,Selenbp2
6163,Selenof
6164,Selenoi
6165,Selenok
6166,Selenoo
6167,Selenop
6168,Selenos
6169,Selenot
6170,Selenow
6171,Sem1
6172,Sema3e
6173,Sema4a
6174,Sema4g
6175,Senp2
6176,Senp3
6177,Senp5
6178,Senp6
6179,Sephs1
6180,Sephs2
6181,Sepsecs
6182,Sept10
6183,Sept11
6184,Sept2
6185,Sept7
6186,Sept9
6187,Serbp1
6188,Serf1
6189,Serf2
6190,Serhl
6191,Serinc1
6192,Serinc3
6193,Serinc5
6194,Serp1
6195,Serpina10
6196,Serpina11
6197,Serpina12
6198,Serpina1a
6199,Serpina1b
6200,Serpina1c
6201,Serpina1e
6202,Serpina3c
6203,Serpina3f
6204,Serpina3m
6205,Serpina3n
6206,Serpina6
6207,Serpina7
6208,Serpinb1a
6209,Serpinb9
6210,Serpinc1
6211,Serpind1
6212,Serpine1
6213,Serpinf1
6214,Serpinf2
6215,Serping1
6216,Sertad1
6217,Sertad2
6218,Sesn1
6219,Sesn2
6220,Sesn3
6221,Set
6222,Setd1a
6223,Setd1b
6224,Setd2
6225,Setd3
6226,Setd4
6227,Setd5
6228,Setd6
6229,Setdb1
6230,Setdb2
6231,Setx
6232,Sf1
6233,Sf3a1
6234,Sf3a2
6235,Sf3a3
6236,Sf3b1
6237,Sf3b2
6238,Sf3b3
6239,Sf3b4
6240,Sf3b5
6241,Sf3b6
6242,Sfmbt1
6243,Sfpq
6244,Sfr1
6245,Sfswap
6246,Sft2d1
6247,Sft2d2
6248,Sfxn1
6249,Sfxn2
6250,Sfxn5
6251,Sgf29
6252,Sgk1
6253,Sgk2
6254,Sgk3
6255,Sgms1
6256,Sgms2
6257,Sgpl1
6258,Sgpp1
6259,Sgta
6260,Sh2b1
6261,Sh2b3
6262,Sh2d3c
6263,Sh2d4a
6264,Sh3bgrl
6265,Sh3bgrl2
6266,Sh3bp2
6267,Sh3bp5
6268,Sh3bp5l
6269,Sh3d19
6270,Sh3gl1
6271,Sh3glb1
6272,Sh3glb2
6273,Sh3pxd2a
6274,Sh3yl1
6275,Shank2
6276,Sharpin
6277,Shb
6278,Shc1
6279,Shf
6280,Shisa5
6281,Shkbp1
6282,Shld1
6283,Shld2
6284,Shmt1
6285,Shmt2
6286,Shoc2
6287,Shpk
6288,Shprh
6289,Shroom1
6290,Shroom2
6291,Shroom3
6292,Shtn1
6293,Siae
6294,Siah1a
6295,Siah2
6296,Sidt2
6297,Sigirr
6298,Sigmar1
6299,Sik1
6300,Sik3
6301,Sike1
6302,Sil1
6303,Sin3a
6304,Sin3b
6305,Sipa1l1
6306,Sirt1
6307,Sirt2
6308,Sirt3
6309,Sirt5
6310,Sirt7
6311,Siva1
6312,Skap2
6313,Ski
6314,Skil
6315,Skint6
6316,Skiv2l
6317,Skp1a
6318,Slain2
6319,Slbp
6320,Slc10a1
6321,Slc10a2
6322,Slc11a2
6323,Slc12a2
6324,Slc12a7
6325,Slc13a3
6326,Slc15a4
6327,Slc16a1
6328,Slc16a10
6329,Slc16a11
6330,Slc16a12
6331,Slc16a2
6332,Slc16a5
6333,Slc16a6
6334,Slc16a7
6335,Slc17a1
6336,Slc17a2
6337,Slc17a3
6338,Slc17a4
6339,Slc17a5
6340,Slc17a9
6341,Slc19a2
6342,Slc1a2
6343,Slc20a1
6344,Slc20a2
6345,Slc22a1
6346,Slc22a14
6347,Slc22a15
6348,Slc22a18
6349,Slc22a21
6350,Slc22a23
6351,Slc22a26
6352,Slc22a27
6353,Slc22a28
6354,Slc22a29
6355,Slc22a3
6356,Slc22a30
6357,Slc22a5
6358,Slc22a7
6359,Slc23a1
6360,Slc23a2
6361,Slc25a1
6362,Slc25a10
6363,Slc25a11
6364,Slc25a12
6365,Slc25a13
6366,Slc25a15
6367,Slc25a16
6368,Slc25a17
6369,Slc25a19
6370,Slc25a20
6371,Slc25a21
6372,Slc25a22
6373,Slc25a23
6374,Slc25a25
6375,Slc25a28
6376,Slc25a3
6377,Slc25a30
6378,Slc25a32
6379,Slc25a33
6380,Slc25a37
6381,Slc25a38
6382,Slc25a39
6383,Slc25a42
6384,Slc25a44
6385,Slc25a45
6386,Slc25a46
6387,Slc25a47
6388,Slc25a48
6389,Slc25a5
6390,Slc25a51
6391,Slc26a1
6392,Slc27a2
6393,Slc27a4
6394,Slc27a5
6395,Slc29a1
6396,Slc2a1
6397,Slc2a2
6398,Slc2a8
6399,Slc2a9
6400,Slc30a1
6401,Slc30a10
6402,Slc30a4
6403,Slc30a5
6404,Slc30a6
6405,Slc30a7
6406,Slc30a9
6407,Slc31a1
6408,Slc33a1
6409,Slc34a2
6410,Slc35a1
6411,Slc35a2
6412,Slc35a4
6413,Slc35a5
6414,Slc35b1
6415,Slc35b2
6416,Slc35b4
6417,Slc35c1
6418,Slc35c2
6419,Slc35d1
6420,Slc35d2
6421,Slc35e1
6422,Slc35e2
6423,Slc35e3
6424,Slc35f5
6425,Slc35f6
6426,Slc35g1
6427,Slc36a1
6428,Slc37a3
6429,Slc37a4
6430,Slc38a10
6431,Slc38a2
6432,Slc38a3
6433,Slc38a4
6434,Slc38a7
6435,Slc39a1
6436,Slc39a10
6437,Slc39a11
6438,Slc39a14
6439,Slc39a3
6440,Slc39a4
6441,Slc39a8
6442,Slc39a9
6443,Slc3a1
6444,Slc3a2
6445,Slc40a1
6446,Slc41a1
6447,Slc41a2
6448,Slc43a1
6449,Slc44a1
6450,Slc44a5
6451,Slc46a1
6452,Slc46a3
6453,Slc47a1
6454,Slc48a1
6455,Slc4a1ap
6456,Slc4a2
6457,Slc4a4
6458,Slc4a7
6459,Slc50a1
6460,Slc51b
6461,Slc52a2
6462,Slc5a6
6463,Slc6a12
6464,Slc6a13
6465,Slc6a6
6466,Slc6a9
6467,Slc7a2
6468,Slc7a6os
6469,Slc8b1
6470,Slc9a3r1
6471,Slc9a6
6472,Slc9a8
6473,Slco1a1
6474,Slco1a4
6475,Slco1b2
6476,Slco2a1
6477,Slco2b1
6478,Slf2
6479,Slfn5
6480,Slfn8
6481,Slfn9
6482,Slirp
6483,Slk
6484,Slmap
6485,Slpi
6486,Sltm
6487,Slu7
6488,Smad1
6489,Smad2
6490,Smad3
6491,Smad4
6492,Smad5
6493,Smad7
6494,Smad9
6495,Smagp
6496,Smap1
6497,Smap2
6498,Smarca2
6499,Smarca4
6500,Smarca5
6501,Smarcad1
6502,Smarcal1
6503,Smarcb1
6504,Smarcc1
6505,Smarcc2
6506,Smarcd2
6507,Smarce1
6508,Smc1a
6509,Smc3
6510,Smc4
6511,Smc5
6512,Smc6
6513,Smchd1
6514,Smco4
6515,Smcr8
6516,Smdt1
6517,Smg1
6518,Smg5
6519,Smg6
6520,Smg7
6521,Smg8
6522,Smg9
6523,Smim1
6524,Smim10l1
6525,Smim11
6526,Smim12
6527,Smim13
6528,Smim15
6529,Smim19
6530,Smim20
6531,Smim22
6532,Smim26
6533,Smim27
6534,Smim4
6535,Smim7
6536,Smim8
6537,Smlr1
6538,Smn1
6539,Smndc1
6540,Smoc1
6541,Smpd1
6542,Smpd2
6543,Smpdl3a
6544,Smu1
6545,Smug1
6546,Smurf1
6547,Smurf2
6548,Smyd2
6549,Smyd5
6550,Snai2
6551,Snap23
6552,Snap29
6553,Snap47
6554,Snapc2
6555,Snapc5
6556,Snapin
6557,Snd1
6558,Snf8
6559,Snip1
6560,Snrk
6561,Snrnp200
6562,Snrnp25
6563,Snrnp27
6564,Snrnp40
6565,Snrnp48
6566,Snrnp70
6567,Snrpa
6568,Snrpa1
6569,Snrpb
6570,Snrpb2
6571,Snrpc
6572,Snrpd1
6573,Snrpd2
6574,Snrpd3
6575,Snrpe
6576,Snrpf
6577,Snrpg
6578,Snta1
6579,Sntb1
6580,Sntb2
6581,Sntg1
6582,Sntg2
6583,Snu13
6584,Snupn
6585,Snw1
6586,Snx1
6587,Snx10
6588,Snx12
6589,Snx13
6590,Snx14
6591,Snx15
6592,Snx16
6593,Snx17
6594,Snx18
6595,Snx19
6596,Snx2
6597,Snx21
6598,Snx24
6599,Snx27
6600,Snx3
6601,Snx30
6602,Snx33
6603,Snx4
6604,Snx5
6605,Snx6
6606,Snx7
6607,Snx8
6608,Snx9
6609,Soat2
6610,Socs2
6611,Socs3
6612,Socs4
6613,Socs6
6614,Socs7
6615,Sod1
6616,Sod2
6617,Son
6618,Sorbs1
6619,Sorbs2
6620,Sorbs3
6621,Sord
6622,Sort1
6623,Sos1
6624,Sos2
6625,Sowahb
6626,Sowahc
6627,Sox11
6628,Sox5
6629,Sox6
6630,Sox9
6631,Sp1
6632,Sp3
6633,Sp5
6634,Spag7
6635,Spag9
6636,Sparc
6637,Spast
6638,Spata13
6639,Spata2
6640,Spata2l
6641,Spats2l
6642,Spc24
6643,Spc25
6644,Spcs1
6645,Spcs2
6646,Spcs3
6647,Specc1l
6648,Spef1
6649,Spen
6650,Spg20
6651,Spg21
6652,Sphk2
6653,Spin1
6654,Spint2
6655,Spns1
6656,Spns2
6657,Spon2
6658,Spop
6659,Spout1
6660,Spp1
6661,Spp2
6662,Sppl2a
6663,Sppl2b
6664,Sppl3
6665,Spr
6666,Spred1
6667,Spred2
6668,Sprr1a
6669,Sprtn
6670,Spryd3
6671,Spryd4
6672,Spryd7
6673,Spsb2
6674,Spsb3
6675,Sptan1
6676,Sptbn1
6677,Sptbn2
6678,Sptlc1
6679,Sptlc2
6680,Sptssa
6681,Spty2d1
6682,Sqle
6683,Sqor
6684,Sqstm1
6685,Sra1
6686,Srbd1
6687,Srcap
6688,Srd5a1
6689,Srd5a3
6690,Srebf1
6691,Srebf2
6692,Srek1
6693,Srek1ip1
6694,Srf
6695,Srfbp1
6696,Srgap1
6697,Srgap2
6698,Sri
6699,Srm
6700,Srp14
6701,Srp19
6702,Srp54a
6703,Srp54b
6704,Srp54c
6705,Srp68
6706,Srp72
6707,Srp9
6708,Srpk1
6709,Srpk2
6710,Srpr
6711,Srprb
6712,Srr
6713,Srrd
6714,Srrm1
6715,Srrm2
6716,Srrm4
6717,Srrt
6718,Srsf1
6719,Srsf10
6720,Srsf11
6721,Srsf2
6722,Srsf3
6723,Srsf4
6724,Srsf5
6725,Srsf6
6726,Srsf7
6727,Srsf9
6728,Srxn1
6729,Ss18
6730,Ss18l2
6731,Ssb
6732,Ssbp1
6733,Ssbp3
6734,Ssh1
6735,Ssh2
6736,Ssna1
6737,Ssr1
6738,Ssr2
6739,Ssr3
6740,Ssr4
6741,Ssrp1
6742,Ssu72
6743,Ssx2ip
6744,St13
6745,St3gal1
6746,St3gal3
6747,St3gal4
6748,St3gal5
6749,St3gal6
6750,St5
6751,St6gal1
6752,St6galnac6
6753,St7
6754,St7l
6755,Stab2
6756,Stag1
6757,Stag2
6758,Stam
6759,Stam2
6760,Stambp
6761,Stap2
6762,Stard10
6763,Stard13
6764,Stard3
6765,Stard3nl
6766,Stard4
6767,Stard5
6768,Stard7
6769,Stat1
6770,Stat2
6771,Stat3
6772,Stat5a
6773,Stat5b
6774,Stat6
6775,Stau1
6776,Stbd1
6777,Steap2
6778,Steap3
6779,Steap4
6780,Stim1
6781,Stim2
6782,Stip1
6783,Stk11
6784,Stk16
6785,Stk19
6786,Stk24
6787,Stk25
6788,Stk3
6789,Stk38
6790,Stk38l
6791,Stk4
6792,Stk40
6793,Stmn1
6794,Stom
6795,Stoml2
6796,Ston2
6797,Stra6l
6798,Strada
6799,Stradb
6800,Strap
6801,Strbp
6802,Strip1
6803,Strn
6804,Strn3
6805,Strn4
6806,Stt3a
6807,Stt3b
6808,Stub1
6809,Stx12
6810,Stx16
6811,Stx17
6812,Stx18
6813,Stx2
6814,Stx4a
6815,Stx5a
6816,Stx6
6817,Stx7
6818,Stx8
6819,Stxbp2
6820,Stxbp3
6821,Stxbp4
6822,Stxbp5
6823,Stxbp6
6824,Sub1
6825,Sucla2
6826,Suclg1
6827,Suclg2
6828,Sucnr1
6829,Suco
6830,Suds3
6831,Sugct
6832,Sugp1
6833,Sugt1
6834,Sulf2
6835,Sult1a1
6836,Sult1b1
6837,Sult1c2
6838,Sult1d1
6839,Sult2a1
6840,Sult2a2
6841,Sult2a3
6842,Sult2a4
6843,Sult2a5
6844,Sult2a6
6845,Sult2a7
6846,Sult2a8
6847,Sult3a1
6848,Sult5a1
6849,Sumf1
6850,Sumo1
6851,Sumo2
6852,Sumo3
6853,Sun1
6854,Sun2
6855,Suox
6856,Supt16
6857,Supt20
6858,Supt3
6859,Supt4a
6860,Supt5
6861,Supt6
6862,Supt7l
6863,Supv3l1
6864,Surf1
6865,Surf2
6866,Surf4
6867,Surf6
6868,Susd4
6869,Susd6
6870,Suz12
6871,Sv2c
6872,Svbp
6873,Svep1
6874,Svil
6875,Svip
6876,Swi5
6877,Swt1
6878,Syap1
6879,Sybu
6880,Syf2
6881,Sympk
6882,Syncrip
6883,Syne1
6884,Syne2
6885,Synj1
6886,Synpo
6887,Synrg
6888,Sypl
6889,Sys1
6890,Syt1
6891,Syvn1
6892,Szrd1
6893,Tab2
6894,Tab3
6895,Tacc1
6896,Tacc2
6897,Taco1
6898,Tacr2
6899,Tada1
6900,Tada2b
6901,Tada3
6902,Taf1
6903,Taf10
6904,Taf11
6905,Taf12
6906,Taf13
6907,Taf15
6908,Taf1a
6909,Taf1c
6910,Taf1d
6911,Taf2
6912,Taf3
6913,Taf4
6914,Taf4b
6915,Taf5l
6916,Taf6
6917,Taf7
6918,Tagln2
6919,Taldo1
6920,Tanc2
6921,Tango2
6922,Tank
6923,Taok1
6924,Taok2
6925,Taok3
6926,Tap1
6927,Tap2
6928,Tapbp
6929,Tapbpl
6930,Tapt1
6931,Tardbp
6932,Tars
6933,Tars2
6934,Tarsl2
6935,Tat
6936,Tatdn1
6937,Tatdn2
6938,Tax1bp1
6939,Taz
6940,Tbata
6941,Tbc1d10a
6942,Tbc1d10b
6943,Tbc1d12
6944,Tbc1d13
6945,Tbc1d14
6946,Tbc1d15
6947,Tbc1d16
6948,Tbc1d17
6949,Tbc1d20
6950,Tbc1d22a
6951,Tbc1d23
6952,Tbc1d24
6953,Tbc1d2b
6954,Tbc1d30
6955,Tbc1d32
6956,Tbc1d5
6957,Tbc1d7
6958,Tbc1d8
6959,Tbc1d8b
6960,Tbc1d9b
6961,Tbca
6962,Tbcb
6963,Tbcc
6964,Tbccd1
6965,Tbcd
6966,Tbce
6967,Tbcel
6968,Tbck
6969,Tbk1
6970,Tbl1x
6971,Tbl1xr1
6972,Tbl2
6973,Tbl3
6974,Tbpl1
6975,Tbrg1
6976,Tbrg4
6977,Tbx3
6978,Tcaim
6979,Tcea1
6980,Tcea3
6981,Tceal8
6982,Tceal9
6983,Tceanc2
6984,Tcerg1
6985,Tcf12
6986,Tcf20
6987,Tcf24
6988,Tcf3
6989,Tcf4
6990,Tcf7l1
6991,Tcf7l2
6992,Tcim
6993,Tcirg1
6994,Tcn2
6995,Tcof1
6996,Tcp1
6997,Tcp11
6998,Tcp11l2
6999,Tcta
7000,Tdo2
7001,Tdp2
7002,Tdrd3
7003,Tdrd7
7004,Tdrp
7005,Tead1
7006,Tec
7007,Tecpr2
7008,Tecr
7009,Tedc2
7010,Tef
7011,Tefm
7012,Tenm3
7013,Tent2
7014,Tent4a
7015,Tent4b
7016,Tent5a
7017,Tent5c
7018,Tep1
7019,Terf1
7020,Terf2
7021,Terf2ip
7022,Tes3-ps
7023,Tesk1
7024,Tesk2
7025,Tet2
7026,Tet3
7027,Tex10
7028,Tex14
7029,Tex2
7030,Tex261
7031,Tex264
7032,Tex30
7033,Tfam
7034,Tfap2a
7035,Tfb1m
7036,Tfb2m
7037,Tfdp1
7038,Tfdp2
7039,Tfe3
7040,Tfg
7041,Tfip11
7042,Tfpi2
7043,Tfpt
7044,Tfr2
7045,Tfrc
7046,Tgds
7047,Tgfa
7048,Tgfbr1
7049,Tgfbr2
7050,Tgfbrap1
7051,Tgif1
7052,Tgm1
7053,Tgm2
7054,Tgoln1
7055,Tgs1
7056,Tgtp2
7057,Thap1
7058,Thap11
7059,Thap12
7060,Thap2
7061,Thap4
7062,Thap7
7063,Them4
7064,Them7
7065,Thg1l
7066,Thnsl2
7067,Thoc1
7068,Thoc2
7069,Thoc3
7070,Thoc5
7071,Thoc7
7072,Thop1
7073,Thpo
7074,Thra
7075,Thrap3
7076,Thrb
7077,Thrsp
7078,Thumpd1
7079,Thumpd3
7080,Thyn1
7081,Tial1
7082,Ticam1
7083,Tifa
7084,Tigar
7085,Tigd2
7086,Timd2
7087,Timm10
7088,Timm10b
7089,Timm13
7090,Timm17a
7091,Timm17b
7092,Timm21
7093,Timm22
7094,Timm23
7095,Timm29
7096,Timm44
7097,Timm50
7098,Timm8a1
7099,Timm8b
7100,Timm9
7101,Timmdc1
7102,Tinf2
7103,Tiparp
7104,Tipin
7105,Tiprl
7106,Tirap
7107,Tjap1
7108,Tjp1
7109,Tjp2
7110,Tjp3
7111,Tk1
7112,Tk2
7113,Tkfc
7114,Tkt
7115,Tlcd1
7116,Tlcd2
7117,Tldc1
7118,Tle1
7119,Tle3
7120,Tle4
7121,Tlk1
7122,Tlk2
7123,Tln1
7124,Tlr2
7125,Tlr3
7126,Tm2d1
7127,Tm2d2
7128,Tm2d3
7129,Tm4sf1
7130,Tm4sf4
7131,Tm6sf2
7132,Tm7sf2
7133,Tm7sf3
7134,Tm9sf2
7135,Tm9sf3
7136,Tm9sf4
7137,Tma7
7138,Tmbim1
7139,Tmbim4
7140,Tmbim6
7141,Tmc6
7142,Tmcc1
7143,Tmcc3
7144,Tmco1
7145,Tmco4
7146,Tmed1
7147,Tmed10
7148,Tmed2
7149,Tmed3
7150,Tmed4
7151,Tmed5
7152,Tmed7
7153,Tmed9
7154,Tmem106b
7155,Tmem106c
7156,Tmem109
7157,Tmem11
7158,Tmem110
7159,Tmem115
7160,Tmem120a
7161,Tmem123
7162,Tmem126a
7163,Tmem126b
7164,Tmem127
7165,Tmem128
7166,Tmem129
7167,Tmem131
7168,Tmem131l
7169,Tmem135
7170,Tmem140
7171,Tmem141
7172,Tmem143
7173,Tmem144
7174,Tmem147
7175,Tmem14a
7176,Tmem14c
7177,Tmem150a
7178,Tmem151a
7179,Tmem160
7180,Tmem161a
7181,Tmem161b
7182,Tmem165
7183,Tmem167
7184,Tmem167b
7185,Tmem168
7186,Tmem170
7187,Tmem170b
7188,Tmem171
7189,Tmem175
7190,Tmem176a
7191,Tmem176b
7192,Tmem177
7193,Tmem179b
7194,Tmem18
7195,Tmem183a
7196,Tmem184a
7197,Tmem184b
7198,Tmem184c
7199,Tmem185a
7200,Tmem185b
7201,Tmem186
7202,Tmem19
7203,Tmem192
7204,Tmem199
7205,Tmem201
7206,Tmem203
7207,Tmem205
7208,Tmem208
7209,Tmem209
7210,Tmem214
7211,Tmem218
7212,Tmem219
7213,Tmem220
7214,Tmem222
7215,Tmem223
7216,Tmem230
7217,Tmem234
7218,Tmem238
7219,Tmem242
7220,Tmem243
7221,Tmem245
7222,Tmem248
7223,Tmem25
7224,Tmem251
7225,Tmem254b
7226,Tmem254c
7227,Tmem256
7228,Tmem258
7229,Tmem259
7230,Tmem260
7231,Tmem263
7232,Tmem267
7233,Tmem29
7234,Tmem30a
7235,Tmem30b
7236,Tmem33
7237,Tmem35b
7238,Tmem37
7239,Tmem38b
7240,Tmem39a
7241,Tmem41a
7242,Tmem41b
7243,Tmem42
7244,Tmem43
7245,Tmem50a
7246,Tmem51
7247,Tmem53
7248,Tmem56
7249,Tmem59
7250,Tmem60
7251,Tmem62
7252,Tmem63b
7253,Tmem64
7254,Tmem69
7255,Tmem70
7256,Tmem8
7257,Tmem80
7258,Tmem82
7259,Tmem86b
7260,Tmem87b
7261,Tmem9
7262,Tmem91
7263,Tmem94
7264,Tmem97
7265,Tmem98
7266,Tmem9b
7267,Tmf1
7268,Tmie
7269,Tmod3
7270,Tmpo
7271,Tmprss2
7272,Tmprss6
7273,Tmsb4x
7274,Tmub2
7275,Tmx1
7276,Tmx3
7277,Tmx4
7278,Tnfaip1
7279,Tnfaip2
7280,Tnfaip3
7281,Tnfaip8l1
7282,Tnfrsf12a
7283,Tnfrsf1a
7284,Tnfrsf1b
7285,Tnfsfm13
7286,Tnip1
7287,Tnip2
7288,Tnk2
7289,Tnks
7290,Tnks1bp1
7291,Tnks2
7292,Tnpo1
7293,Tnpo2
7294,Tnpo3
7295,Tnrc18
7296,Tnrc6a
7297,Tnrc6b
7298,Tnrc6c
7299,Tns1
7300,Tns2
7301,Tns3
7302,Tob1
7303,Tob2
7304,Toe1
7305,Togaram1
7306,Tollip
7307,Tom1
7308,Tom1l1
7309,Tom1l2
7310,Tomm20
7311,Tomm22
7312,Tomm34
7313,Tomm40
7314,Tomm40l
7315,Tomm5
7316,Tomm6
7317,Tomm7
7318,Tomm70a
7319,Top1
7320,Top1mt
7321,Top2b
7322,Top3b
7323,Topbp1
7324,Topors
7325,Tor1a
7326,Tor1aip1
7327,Tor1aip2
7328,Tor1b
7329,Tor2a
7330,Tor3a
7331,Tox
7332,Tox4
7333,Tpcn1
7334,Tpd52
7335,Tpd52l1
7336,Tpd52l2
7337,Tpgs1
7338,Tpgs2
7339,Tpi1
7340,Tpk1
7341,Tpm1
7342,Tpm2
7343,Tpm3
7344,Tpm3-rs7
7345,Tpm4
7346,Tpmt
7347,Tpp1
7348,Tpp2
7349,Tpr
7350,Tpra1
7351,Tprgl
7352,Tprkb
7353,Tpst1
7354,Tpst2
7355,Tpt1
7356,Tra2a
7357,Tra2b
7358,Trabd
7359,Tradd
7360,Traf2
7361,Traf3
7362,Traf4
7363,Traf5
7364,Traf6
7365,Trafd1
7366,Trak1
7367,Trak2
7368,Tram1
7369,Tram2
7370,Trap1
7371,Trappc1
7372,Trappc10
7373,Trappc11
7374,Trappc12
7375,Trappc13
7376,Trappc3
7377,Trappc4
7378,Trappc5
7379,Trappc6a
7380,Trappc6b
7381,Trappc8
7382,Trappc9
7383,Trat1
7384,Triap1
7385,Trib1
7386,Trib3
7387,Trim11
7388,Trim12a
7389,Trim12c
7390,Trim2
7391,Trim21
7392,Trim23
7393,Trim24
7394,Trim25
7395,Trim26
7396,Trim27
7397,Trim28
7398,Trim30a
7399,Trim30d
7400,Trim32
7401,Trim33
7402,Trim34a
7403,Trim37
7404,Trim41
7405,Trim44
7406,Trim47
7407,Trim5
7408,Trim56
7409,Trim7
7410,Trim8
7411,Trio
7412,Triobp
7413,Trip11
7414,Trip12
7415,Trip4
7416,Trip6
7417,Trir
7418,Trit1
7419,Trmt1
7420,Trmt10a
7421,Trmt10c
7422,Trmt11
7423,Trmt112
7424,Trmt1l
7425,Trmt2a
7426,Trmt2b
7427,Trmt6
7428,Trmu
7429,Trnau1ap
7430,Trnt1
7431,Trp53
7432,Trp53bp2
7433,Trp53inp1
7434,Trp53inp2
7435,Trpc4ap
7436,Trpm3
7437,Trpm7
7438,Trrap
7439,Trub1
7440,Trub2
7441,Tsc1
7442,Tsc2
7443,Tsc22d1
7444,Tsc22d2
7445,Tsc22d3
7446,Tsc22d4
7447,Tsen15
7448,Tsen34
7449,Tsfm
7450,Tsg101
7451,Tshz1
7452,Tshz2
7453,Tsku
7454,Tsn
7455,Tsnax
7456,Tspan12
7457,Tspan14
7458,Tspan31
7459,Tspan4
7460,Tspan9
7461,Tspo
7462,Tspyl1
7463,Tsr1
7464,Tsr2
7465,Tsr3
7466,Tssc4
7467,Tst
7468,Tsta3
7469,Tstd1
7470,Tstd2
7471,Tstd3
7472,Ttc1
7473,Ttc13
7474,Ttc14
7475,Ttc17
7476,Ttc19
7477,Ttc23
7478,Ttc27
7479,Ttc3
7480,Ttc30b
7481,Ttc32
7482,Ttc33
7483,Ttc36
7484,Ttc37
7485,Ttc38
7486,Ttc39b
7487,Ttc39c
7488,Ttc4
7489,Ttc7
7490,Ttc7b
7491,Ttc9c
7492,Ttf1
7493,Tti1
7494,Tti2
7495,Ttll12
7496,Ttll5
7497,Ttpa
7498,Ttpal
7499,Ttr
7500,Ttyh2
7501,Tuba1b
7502,Tuba1c
7503,Tuba4a
7504,Tuba8
7505,Tubb2a
7506,Tubb2b
7507,Tubb4b
7508,Tubb5
7509,Tubb6
7510,Tubg1
7511,Tubgcp2
7512,Tubgcp4
7513,Tufm
7514,Tulp4
7515,Tusc2
7516,Tusc3
7517,Tut1
7518,Tut4
7519,Tut7
7520,Tvp23b
7521,Twf1
7522,Twistnb
7523,Twnk
7524,Twsg1
7525,Txlna
7526,Txlng
7527,Txn1
7528,Txn2
7529,Txndc11
7530,Txndc12
7531,Txndc15
7532,Txndc17
7533,Txndc5
7534,Txndc9
7535,Txnip
7536,Txnl1
7537,Txnl4a
7538,Txnl4b
7539,Txnrd1
7540,Txnrd2
7541,Txnrd3
7542,Tyk2
7543,Tyms
7544,Tysnd1
7545,Tyw1
7546,Tyw5
7547,U2af1
7548,U2af1l4
7549,U2af2
7550,U2surp
7551,Uap1
7552,Uba1
7553,Uba2
7554,Uba3
7555,Uba5
7556,Uba52
7557,Uba6
7558,Uba7
7559,Ubac1
7560,Ubac2
7561,Ubald1
7562,Ubald2
7563,Ubap1
7564,Ubap2
7565,Ubap2l
7566,Ubb
7567,Ubc
7568,Ubd
7569,Ube2a
7570,Ube2d1
7571,Ube2d2a
7572,Ube2d3
7573,Ube2e1
7574,Ube2e2
7575,Ube2e3
7576,Ube2f
7577,Ube2g1
7578,Ube2g2
7579,Ube2h
7580,Ube2i
7581,Ube2j1
7582,Ube2j2
7583,Ube2k
7584,Ube2l3
7585,Ube2l6
7586,Ube2m
7587,Ube2n
7588,Ube2o
7589,Ube2q1
7590,Ube2q2
7591,Ube2r2
7592,Ube2u
7593,Ube2v1
7594,Ube2v2
7595,Ube2w
7596,Ube2z
7597,Ube3a
7598,Ube3b
7599,Ube3c
7600,Ube4a
7601,Ube4b
7602,Ubfd1
7603,Ubiad1
7604,Ubl3
7605,Ubl4a
7606,Ubl5
7607,Ubl7
7608,Ublcp1
7609,Ubn1
7610,Ubn2
7611,Ubox5
7612,Ubp1
7613,Ubqln1
7614,Ubqln2
7615,Ubqln4
7616,Ubr1
7617,Ubr2
7618,Ubr3
7619,Ubr4
7620,Ubr5
7621,Ubr7
7622,Ubtd1
7623,Ubtf
7624,Ubxn1
7625,Ubxn2a
7626,Ubxn4
7627,Ubxn6
7628,Ubxn7
7629,Ubxn8
7630,Uchl3
7631,Uchl4
7632,Uchl5
7633,Uck1
7634,Uck2
7635,Uckl1
7636,Ucp2
7637,Ufc1
7638,Ufd1
7639,Ufl1
7640,Ufm1
7641,Ufsp2
7642,Ugcg
7643,Ugdh
7644,Uggt1
7645,Ugp2
7646,Ugt1a10
7647,Ugt2a3
7648,Ugt2b1
7649,Ugt2b34
7650,Ugt2b35
7651,Ugt2b36
7652,Ugt2b37
7653,Ugt2b38
7654,Ugt2b5
7655,Ugt3a1
7656,Ugt3a2
7657,Uhmk1
7658,Uhrf1bp1
7659,Uhrf1bp1l
7660,Uhrf2
7661,Uimc1
7662,Ulk1
7663,Ulk2
7664,Umad1
7665,Umps
7666,Unc119b
7667,Unc45a
7668,Unc50
7669,Unc93b1
7670,Ung
7671,Uox
7672,Upb1
7673,Upf1
7674,Upf2
7675,Upf3a
7676,Upf3b
7677,Upp2
7678,Uqcc1
7679,Uqcc2
7680,Uqcc3
7681,Uqcr10
7682,Uqcr11
7683,Uqcrb
7684,Uqcrc1
7685,Uqcrc2
7686,Uqcrfs1
7687,Uqcrh
7688,Uqcrq
7689,Urad
7690,Urah
7691,Uri1
7692,Urm1
7693,Uroc1
7694,Urod
7695,Uros
7696,Usb1
7697,Use1
7698,Usf1
7699,Usf2
7700,Usf3
7701,Ushbp1
7702,Usmg5
7703,Uso1
7704,Usp1
7705,Usp10
7706,Usp12
7707,Usp14
7708,Usp15
7709,Usp16
7710,Usp18
7711,Usp19
7712,Usp2
7713,Usp21
7714,Usp22
7715,Usp24
7716,Usp25
7717,Usp3
7718,Usp30
7719,Usp32
7720,Usp33
7721,Usp34
7722,Usp36
7723,Usp38
7724,Usp39
7725,Usp4
7726,Usp40
7727,Usp45
7728,Usp46
7729,Usp47
7730,Usp48
7731,Usp5
7732,Usp50
7733,Usp53
7734,Usp6nl
7735,Usp7
7736,Usp8
7737,Usp9x
7738,Uspl1
7739,Utp11
7740,Utp14a
7741,Utp18
7742,Utp20
7743,Utp23
7744,Utp3
7745,Utp4
7746,Utp6
7747,Utrn
7748,Uvrag
7749,Uvssa
7750,Uxs1
7751,Uxt
7752,Vac14
7753,Vamp2
7754,Vamp4
7755,Vamp5
7756,Vamp8
7757,Vangl1
7758,Vapa
7759,Vapb
7760,Vars
7761,Vars2
7762,Vasp
7763,Vat1
7764,Vav2
7765,Vbp1
7766,Vcam1
7767,Vcl
7768,Vcp
7769,Vcpip1
7770,Vdac1
7771,Vdac2
7772,Vdac3
7773,Vegfa
7774,Vegfb
7775,Vezf1
7776,Vezt
7777,Vgll4
7778,Vhl
7779,Vipas39
7780,Virma
7781,Vkorc1l1
7782,Vldlr
7783,Vma21
7784,Vmac
7785,Vmn1r13
7786,Vmn1r202
7787,Vmn1r88
7788,Vmp1
7789,Vnn1
7790,Vnn3
7791,Vps11
7792,Vps13a
7793,Vps13b
7794,Vps13c
7795,Vps13d
7796,Vps16
7797,Vps18
7798,Vps26a
7799,Vps26b
7800,Vps26c
7801,Vps28
7802,Vps29
7803,Vps33a
7804,Vps35
7805,Vps35l
7806,Vps36
7807,Vps37a
7808,Vps37b
7809,Vps37c
7810,Vps39
7811,Vps41
7812,Vps45
7813,Vps4a
7814,Vps4b
7815,Vps50
7816,Vps52
7817,Vps53
7818,Vps54
7819,Vps72
7820,Vps9d1
7821,Vrk3
7822,Vta1
7823,Vti1a
7824,Vti1b
7825,Vtn
7826,Vwa5a
7827,Vwa8
7828,Vwce
7829,Wac
7830,Wapl
7831,Wars
7832,Wasf2
7833,Washc1
7834,Washc2
7835,Washc3
7836,Washc4
7837,Washc5
7838,Wasl
7839,Wbp1
7840,Wbp11
7841,Wbp1l
7842,Wbp2
7843,Wbp4
7844,Wdcp
7845,Wdfy2
7846,Wdfy3
7847,Wdr1
7848,Wdr11
7849,Wdr12
7850,Wdr13
7851,Wdr18
7852,Wdr20
7853,Wdr26
7854,Wdr3
7855,Wdr33
7856,Wdr36
7857,Wdr37
7858,Wdr41
7859,Wdr43
7860,Wdr45
7861,Wdr45b
7862,Wdr46
7863,Wdr48
7864,Wdr5
7865,Wdr53
7866,Wdr55
7867,Wdr59
7868,Wdr6
7869,Wdr61
7870,Wdr7
7871,Wdr70
7872,Wdr73
7873,Wdr74
7874,Wdr75
7875,Wdr77
7876,Wdr81
7877,Wdr82
7878,Wdr83
7879,Wdr83os
7880,Wdr89
7881,Wdr92
7882,Wdtc1
7883,Wfdc2
7884,Wfdc21
7885,Wfs1
7886,Whamm
7887,Wipf2
7888,Wipf3
7889,Wipi1
7890,Wipi2
7891,Wiz
7892,Wnk1
7893,Wnt5b
7894,Wrap73
7895,Wrn
7896,Wrnip1
7897,Wsb1
7898,Wsb2
7899,Wtap
7900,Wwc1
7901,Wwc2
7902,Wwox
7903,Wwp1
7904,Wwp2
7905,Wwtr1
7906,Xab2
7907,Xaf1
7908,Xbp1
7909,Xdh
7910,Xiap
7911,Xkr9
7912,Xpa
7913,Xpc
7914,Xpnpep1
7915,Xpnpep3
7916,Xpo1
7917,Xpo5
7918,Xpo6
7919,Xpot
7920,Xpr1
7921,Xrcc4
7922,Xrcc5
7923,Xrcc6
7924,Xrn1
7925,Xrn2
7926,Xylb
7927,Xylt2
7928,Yaf2
7929,Yap1
7930,Yars
7931,Yars2
7932,Ybey
7933,Ybx1
7934,Ybx3
7935,Yeats4
7936,Yes1
7937,Yif1a
7938,Yif1b
7939,Yipf1
7940,Yipf2
7941,Yipf3
7942,Yipf4
7943,Yipf5
7944,Yipf6
7945,Yjefn3
7946,Ykt6
7947,Ylpm1
7948,Yme1l1
7949,Yod1
7950,Ypel2
7951,Ypel3
7952,Ypel5
7953,Yrdc
7954,Ythdc1
7955,Ythdf1
7956,Ythdf2
7957,Ythdf3
7958,Ywhab
7959,Ywhae
7960,Ywhag
7961,Ywhah
7962,Ywhaq
7963,Ywhaz
7964,Yy1
7965,Zadh2
7966,Zap70
7967,Zbed5
7968,Zbp1
7969,Zbtb1
7970,Zbtb10
7971,Zbtb11
7972,Zbtb16
7973,Zbtb18
7974,Zbtb20
7975,Zbtb24
7976,Zbtb33
7977,Zbtb38
7978,Zbtb4
7979,Zbtb41
7980,Zbtb43
7981,Zbtb44
7982,Zbtb48
7983,Zbtb5
7984,Zbtb7a
7985,Zbtb7b
7986,Zbtb8os
7987,Zc3h10
7988,Zc3h11a
7989,Zc3h12a
7990,Zc3h12c
7991,Zc3h13
7992,Zc3h14
7993,Zc3h15
7994,Zc3h4
7995,Zc3h7a
7996,Zc3h7b
7997,Zc3hav1
7998,Zc3hc1
7999,Zcchc10
8000,Zcchc14
8001,Zcchc17
8002,Zcchc2
8003,Zcchc24
8004,Zcchc7
8005,Zcchc8
8006,Zcchc9
8007,Zcrb1
8008,Zdhhc12
8009,Zdhhc16
8010,Zdhhc17
8011,Zdhhc18
8012,Zdhhc20
8013,Zdhhc21
8014,Zdhhc3
8015,Zdhhc4
8016,Zdhhc5
8017,Zdhhc6
8018,Zdhhc7
8019,Zdhhc9
8020,Zeb1
8021,Zer1
8022,Zfand1
8023,Zfand2a
8024,Zfand2b
8025,Zfand3
8026,Zfand4
8027,Zfand5
8028,Zfand6
8029,Zfc3h1
8030,Zfhx2
8031,Zfhx3
8032,Zfhx4
8033,Zfp106
8034,Zfp110
8035,Zfp120
8036,Zfp131
8037,Zfp148
8038,Zfp180
8039,Zfp207
8040,Zfp217
8041,Zfp236
8042,Zfp24
8043,Zfp260
8044,Zfp263
8045,Zfp266
8046,Zfp275
8047,Zfp277
8048,Zfp280d
8049,Zfp281
8050,Zfp292
8051,Zfp317
8052,Zfp318
8053,Zfp322a
8054,Zfp326
8055,Zfp330
8056,Zfp35
8057,Zfp36
8058,Zfp367
8059,Zfp369
8060,Zfp36l1
8061,Zfp36l2
8062,Zfp384
8063,Zfp385a
8064,Zfp385b
8065,Zfp386
8066,Zfp395
8067,Zfp397
8068,Zfp410
8069,Zfp422
8070,Zfp426
8071,Zfp433
8072,Zfp444
8073,Zfp445
8074,Zfp451
8075,Zfp467
8076,Zfp507
8077,Zfp511
8078,Zfp512
8079,Zfp518a
8080,Zfp523
8081,Zfp524
8082,Zfp53
8083,Zfp553
8084,Zfp560
8085,Zfp568
8086,Zfp574
8087,Zfp592
8088,Zfp593
8089,Zfp597
8090,Zfp598
8091,Zfp609
8092,Zfp612
8093,Zfp617
8094,Zfp62
8095,Zfp622
8096,Zfp623
8097,Zfp637
8098,Zfp638
8099,Zfp639
8100,Zfp652
8101,Zfp654
8102,Zfp655
8103,Zfp664
8104,Zfp672
8105,Zfp68
8106,Zfp703
8107,Zfp704
8108,Zfp706
8109,Zfp707
8110,Zfp710
8111,Zfp729b
8112,Zfp738
8113,Zfp740
8114,Zfp746
8115,Zfp750
8116,Zfp768
8117,Zfp771
8118,Zfp777
8119,Zfp787
8120,Zfp800
8121,Zfp809
8122,Zfp825
8123,Zfp830
8124,Zfp839
8125,Zfp846
8126,Zfp871
8127,Zfp874a
8128,Zfp874b
8129,Zfp91
8130,Zfp931
8131,Zfp938
8132,Zfp942
8133,Zfp943
8134,Zfp944
8135,Zfp945
8136,Zfp946
8137,Zfp949
8138,Zfp950
8139,Zfp955b
8140,Zfp958
8141,Zfp960
8142,Zfp961
8143,Zfp97
8144,Zfp973
8145,Zfp994
8146,Zfr
8147,Zfx
8148,Zfyve1
8149,Zfyve19
8150,Zfyve21
8151,Zfyve26
8152,Zfyve27
8153,Zfyve9
8154,Zgpat
8155,Zhx2
8156,Zhx3
8157,Zkscan1
8158,Zkscan17
8159,Zkscan3
8160,Zkscan5
8161,Zmat1
8162,Zmat2
8163,Zmat3
8164,Zmat5
8165,Zmiz1
8166,Zmiz2
8167,Zmpste24
8168,Zmym2
8169,Zmym4
8170,Zmym5
8171,Zmynd11
8172,Zmynd19
8173,Zmynd8
8174,Znfx1
8175,Znhit1
8176,Znhit2
8177,Znhit3
8178,Znhit6
8179,Znrd1
8180,Znrd1as
8181,Znrf1
8182,Znrf2
8183,Znrf3
8184,Zpr1
8185,Zranb1
8186,Zranb2
8187,Zrsr1
8188,Zrsr2
8189,Zscan21
8190,Zscan26
8191,Zscan29
8192,Zswim4
8193,Zswim7
8194,Zswim8
8195,Zup1
8196,Zw10
8197,Zwint
8198,Zxdc
8199,Zyg11b
8200,Zyx
8201,Zzef1
8202,Zzz3
